datetime,open,high,low,close,volume
2026-02-02T14:30:00+00:00,44.93000000000005,46.13000000000005,43.97000000000005,45.870000000000054,4015
2026-02-02T14:45:00+00:00,45.870000000000054,46.730000000000054,45.85000000000005,46.09000000000005,3602
2026-02-02T15:00:00+00:00,46.09000000000005,46.800000000000054,45.97000000000005,46.730000000000054,3526
2026-02-02T15:15:00+00:00,46.730000000000054,47.06000000000005,46.57000000000005,46.76000000000005,2831
2026-02-02T15:30:00+00:00,46.76000000000005,47.27000000000005,46.75000000000005,47.24000000000005,2793
2026-02-02T15:45:00+00:00,47.24000000000005,47.28000000000005,46.75000000000005,46.93000000000005,2601
2026-02-02T16:00:00+00:00,46.93000000000005,47.36000000000005,46.92000000000005,47.32000000000005,2286
2026-02-02T16:15:00+00:00,47.32000000000005,47.53000000000005,47.20000000000005,47.45000000000005,2417
2026-02-02T16:30:00+00:00,47.45000000000005,47.550000000000054,47.24000000000005,47.29000000000005,2232
2026-02-02T16:45:00+00:00,47.29000000000005,47.53000000000005,47.14000000000005,47.46000000000005,1914
2026-02-02T17:00:00+00:00,47.46000000000005,47.71000000000005,47.40000000000005,47.61000000000005,1497
2026-02-02T17:15:00+00:00,47.61000000000005,47.77000000000005,47.54000000000005,47.66000000000005,1417
2026-02-02T17:30:00+00:00,47.66000000000005,47.730000000000054,47.52000000000005,47.56000000000005,1297
2026-02-02T17:45:00+00:00,47.56000000000005,47.60000000000005,47.46000000000005,47.49000000000005,870
2026-02-02T18:00:00+00:00,47.49000000000005,47.730000000000054,47.45000000000005,47.66000000000005,1065
2026-02-02T18:15:00+00:00,47.66000000000005,47.70000000000005,47.46000000000005,47.57000000000005,835
2026-02-02T18:30:00+00:00,47.57000000000005,47.81000000000005,47.51000000000005,47.730000000000054,896
2026-02-02T18:45:00+00:00,47.730000000000054,48.31000000000005,47.72000000000005,48.28000000000005,772
2026-02-02T19:00:00+00:00,48.28000000000005,48.28000000000005,47.75000000000005,47.81000000000005,1415
2026-02-02T19:15:00+00:00,47.81000000000005,47.94000000000005,47.72000000000005,47.83000000000005,868
2026-02-02T19:30:00+00:00,47.83000000000005,47.83000000000005,47.51000000000005,47.730000000000054,1043
2026-02-02T19:45:00+00:00,47.730000000000054,47.84000000000005,47.38000000000005,47.42000000000005,1183
2026-02-02T20:00:00+00:00,47.42000000000005,47.76000000000005,47.29000000000005,47.61000000000005,2743
2026-02-02T20:15:00+00:00,47.61000000000005,47.65000000000005,47.36000000000005,47.40000000000005,1088
2026-02-02T20:30:00+00:00,47.40000000000005,47.47000000000005,47.16000000000005,47.20000000000005,945
2026-02-02T20:45:00+00:00,47.20000000000005,47.36000000000005,47.06000000000005,47.26000000000005,1204
2026-02-03T14:30:00+00:00,47.26000000000005,49.95000000000005,47.26000000000005,48.47000000000005,5130
2026-02-03T14:45:00+00:00,48.47000000000005,49.20000000000005,47.83000000000005,47.86000000000005,3798
2026-02-03T15:00:00+00:00,47.86000000000005,48.230000000000054,47.64000000000005,47.72000000000005,5240
2026-02-03T15:15:00+00:00,47.72000000000005,48.67000000000005,47.56000000000005,48.59000000000005,4632
2026-02-03T15:30:00+00:00,48.59000000000005,48.620000000000054,48.14000000000005,48.21000000000005,4237
2026-02-03T15:45:00+00:00,48.21000000000005,48.74000000000005,48.07000000000005,48.70000000000005,4090
2026-02-03T16:00:00+00:00,48.70000000000005,48.74000000000005,48.13000000000005,48.300000000000054,3896
2026-02-03T16:15:00+00:00,48.300000000000054,48.47000000000005,48.13000000000005,48.19000000000005,3149
2026-02-03T16:30:00+00:00,48.19000000000005,48.550000000000054,48.18000000000005,48.45000000000005,2824
2026-02-03T16:45:00+00:00,48.45000000000005,48.63000000000005,48.33000000000005,48.51000000000005,2277
2026-02-03T17:00:00+00:00,48.51000000000005,48.56000000000005,48.050000000000054,48.18000000000005,2697
2026-02-03T17:15:00+00:00,48.18000000000005,48.26000000000005,48.01000000000005,48.01000000000005,2420
2026-02-03T17:30:00+00:00,48.01000000000005,48.10000000000005,47.36000000000005,47.42000000000005,2318
2026-02-03T17:45:00+00:00,47.42000000000005,47.93000000000005,47.300000000000054,47.46000000000005,4170
2026-02-03T18:00:00+00:00,47.46000000000005,47.67000000000005,47.230000000000054,47.31000000000005,3543
2026-02-03T18:15:00+00:00,47.31000000000005,47.550000000000054,47.29000000000005,47.41000000000005,2737
2026-02-03T18:30:00+00:00,47.41000000000005,47.59000000000005,47.19000000000005,47.300000000000054,2445
2026-02-03T18:45:00+00:00,47.300000000000054,47.31000000000005,46.980000000000054,47.01000000000005,2204
2026-02-03T19:00:00+00:00,47.01000000000005,47.38000000000005,46.88000000000005,47.34000000000005,2859
2026-02-03T19:15:00+00:00,47.34000000000005,47.70000000000005,47.33000000000005,47.480000000000054,2937
2026-02-03T19:30:00+00:00,47.480000000000054,47.620000000000054,47.300000000000054,47.52000000000005,3483
2026-02-03T19:45:00+00:00,47.52000000000005,47.61000000000005,47.20000000000005,47.53000000000005,2730
2026-02-03T20:00:00+00:00,47.53000000000005,47.60000000000005,47.14000000000005,47.29000000000005,2537
2026-02-03T20:15:00+00:00,47.29000000000005,47.41000000000005,47.09000000000005,47.13000000000005,2538
2026-02-03T20:30:00+00:00,47.13000000000005,47.60000000000005,47.13000000000005,47.44000000000005,2133
2026-02-03T20:45:00+00:00,47.44000000000005,47.85000000000005,47.39000000000005,47.72000000000005,2146
2026-02-04T14:30:00+00:00,47.72000000000005,48.01000000000005,46.81000000000005,47.31000000000005,4616
2026-02-04T14:45:00+00:00,47.31000000000005,48.14000000000005,47.300000000000054,47.74000000000005,3658
2026-02-04T15:00:00+00:00,47.74000000000005,47.76000000000005,47.04000000000005,47.42000000000005,6513
2026-02-04T15:15:00+00:00,47.42000000000005,47.56000000000005,46.79000000000005,46.83000000000005,6591
2026-02-04T15:30:00+00:00,46.83000000000005,47.15000000000005,46.11000000000005,46.86000000000005,7336
2026-02-04T15:45:00+00:00,46.86000000000005,46.88000000000005,45.66000000000005,45.74000000000005,5688
2026-02-04T16:00:00+00:00,45.74000000000005,46.09000000000005,45.550000000000054,45.74000000000005,5046
2026-02-04T16:15:00+00:00,45.74000000000005,46.11000000000005,45.46000000000005,46.07000000000005,3823
2026-02-04T16:30:00+00:00,46.07000000000005,46.18000000000005,45.69000000000005,45.71000000000005,3146
2026-02-04T16:45:00+00:00,45.71000000000005,46.25000000000005,45.61000000000005,46.17000000000005,3578
2026-02-04T17:00:00+00:00,46.17000000000005,46.20000000000005,45.730000000000054,45.91000000000005,3915
2026-02-04T17:15:00+00:00,45.91000000000005,46.03000000000005,45.68000000000005,45.92000000000005,3628
2026-02-04T17:30:00+00:00,45.92000000000005,46.120000000000054,45.620000000000054,45.75000000000005,4205
2026-02-04T17:45:00+00:00,45.75000000000005,45.97000000000005,45.46000000000005,45.95000000000005,3789
2026-02-04T18:00:00+00:00,45.95000000000005,46.31000000000005,45.800000000000054,46.07000000000005,4306
2026-02-04T18:15:00+00:00,46.07000000000005,46.39000000000005,45.82000000000005,46.370000000000054,3625
2026-02-04T18:30:00+00:00,46.370000000000054,46.49000000000005,45.980000000000054,46.29000000000005,3833
2026-02-04T18:45:00+00:00,46.29000000000005,46.480000000000054,46.050000000000054,46.35000000000005,3146
2026-02-04T19:00:00+00:00,46.35000000000005,46.550000000000054,46.13000000000005,46.44000000000005,3535
2026-02-04T19:15:00+00:00,46.44000000000005,46.93000000000005,46.35000000000005,46.92000000000005,2702
2026-02-04T19:30:00+00:00,46.92000000000005,47.42000000000005,46.83000000000005,47.370000000000054,3093
2026-02-04T19:45:00+00:00,47.370000000000054,47.93000000000005,47.35000000000005,47.92000000000005,4057
2026-02-04T20:00:00+00:00,47.92000000000005,48.15000000000005,47.63000000000005,47.89000000000005,3569
2026-02-04T20:15:00+00:00,47.89000000000005,47.99000000000005,47.58000000000005,47.67000000000005,3477
2026-02-04T20:30:00+00:00,47.67000000000005,47.96000000000005,47.49000000000005,47.81000000000005,2263
2026-02-04T20:45:00+00:00,47.81000000000005,48.01000000000005,47.03000000000005,47.08000000000005,3158
2026-02-05T14:30:00+00:00,47.08000000000005,48.70000000000005,45.620000000000054,48.53000000000005,5068
2026-02-05T14:45:00+00:00,48.53000000000005,49.32000000000005,47.50000000000005,47.53000000000005,5470
2026-02-05T15:00:00+00:00,47.53000000000005,47.58000000000005,46.19000000000005,46.25000000000005,5045
2026-02-05T15:15:00+00:00,46.25000000000005,46.70000000000005,46.11000000000005,46.17000000000005,4882
2026-02-05T15:30:00+00:00,46.17000000000005,46.59000000000005,45.68000000000005,46.49000000000005,4810
2026-02-05T15:45:00+00:00,46.49000000000005,46.56000000000005,45.92000000000005,46.20000000000005,4033
2026-02-05T16:00:00+00:00,46.20000000000005,46.24000000000005,45.24000000000005,45.25000000000005,3604
2026-02-05T16:15:00+00:00,45.25000000000005,46.32000000000005,45.25000000000005,46.28000000000005,3984
2026-02-05T16:30:00+00:00,46.28000000000005,46.77000000000005,46.26000000000005,46.56000000000005,4357
2026-02-05T16:45:00+00:00,46.56000000000005,46.79000000000005,46.26000000000005,46.72000000000005,3680
2026-02-05T17:00:00+00:00,46.72000000000005,46.72000000000005,46.35000000000005,46.50000000000005,3643
2026-02-05T17:15:00+00:00,46.50000000000005,46.72000000000005,46.19000000000005,46.57000000000005,3320
2026-02-05T17:30:00+00:00,46.57000000000005,46.67000000000005,46.36000000000005,46.53000000000005,3198
2026-02-05T17:45:00+00:00,46.53000000000005,46.65000000000005,46.300000000000054,46.64000000000005,3587
2026-02-05T18:00:00+00:00,46.64000000000005,46.89000000000005,46.52000000000005,46.79000000000005,3370
2026-02-05T18:15:00+00:00,46.79000000000005,46.84000000000005,46.54000000000005,46.730000000000054,2997
2026-02-05T18:30:00+00:00,46.730000000000054,47.00000000000005,46.39000000000005,46.51000000000005,3025
2026-02-05T18:45:00+00:00,46.51000000000005,46.76000000000005,46.44000000000005,46.68000000000005,2757
2026-02-05T19:00:00+00:00,46.68000000000005,47.11000000000005,46.51000000000005,47.04000000000005,2897
2026-02-05T19:15:00+00:00,47.04000000000005,47.47000000000005,47.00000000000005,47.45000000000005,2725
2026-02-05T19:30:00+00:00,47.45000000000005,47.47000000000005,47.16000000000005,47.18000000000005,3348
2026-02-05T19:45:00+00:00,47.18000000000005,47.26000000000005,46.85000000000005,47.120000000000054,3029
2026-02-05T20:00:00+00:00,47.120000000000054,47.300000000000054,47.00000000000005,47.10000000000005,2905
2026-02-05T20:15:00+00:00,47.10000000000005,47.13000000000005,46.66000000000005,46.70000000000005,2906
2026-02-05T20:30:00+00:00,46.70000000000005,46.88000000000005,46.67000000000005,46.84000000000005,2506
2026-02-05T20:45:00+00:00,46.84000000000005,46.97000000000005,46.56000000000005,46.72000000000005,2750
2026-02-06T14:30:00+00:00,46.72000000000005,49.19000000000005,46.72000000000005,49.13000000000005,5432
2026-02-06T14:45:00+00:00,49.13000000000005,49.67000000000005,48.480000000000054,48.50000000000005,4658
2026-02-06T15:00:00+00:00,48.50000000000005,48.52000000000005,47.61000000000005,47.730000000000054,6880
2026-02-06T15:15:00+00:00,47.730000000000054,48.620000000000054,47.66000000000005,48.52000000000005,6396
2026-02-06T15:30:00+00:00,48.52000000000005,48.74000000000005,48.28000000000005,48.43000000000005,5293
2026-02-06T15:45:00+00:00,48.43000000000005,48.65000000000005,48.10000000000005,48.53000000000005,4695
2026-02-06T16:00:00+00:00,48.53000000000005,49.20000000000005,48.44000000000005,49.16000000000005,3010
2026-02-06T16:15:00+00:00,49.16000000000005,49.33000000000005,49.02000000000005,49.31000000000005,2993
2026-02-06T16:30:00+00:00,49.31000000000005,49.58000000000005,49.28000000000005,49.40000000000005,2492
2026-02-06T16:45:00+00:00,49.40000000000005,49.47000000000005,49.20000000000005,49.24000000000005,2645
2026-02-06T17:00:00+00:00,49.24000000000005,49.42000000000005,49.13000000000005,49.28000000000005,2101
2026-02-06T17:15:00+00:00,49.28000000000005,49.57000000000005,49.19000000000005,49.47000000000005,2037
2026-02-06T17:30:00+00:00,49.47000000000005,49.58000000000005,49.230000000000054,49.46000000000005,1905
2026-02-06T17:45:00+00:00,49.46000000000005,49.52000000000005,49.300000000000054,49.49000000000005,1605
2026-02-06T18:00:00+00:00,49.49000000000005,49.77000000000005,49.45000000000005,49.66000000000005,1164
2026-02-06T18:15:00+00:00,49.66000000000005,49.76000000000005,49.550000000000054,49.65000000000005,1433
2026-02-06T18:30:00+00:00,49.65000000000005,49.77000000000005,49.56000000000005,49.620000000000054,1043
2026-02-06T18:45:00+00:00,49.620000000000054,49.69000000000005,49.49000000000005,49.56000000000005,754
2026-02-06T19:00:00+00:00,49.56000000000005,49.620000000000054,49.300000000000054,49.32000000000005,1014
2026-02-06T19:15:00+00:00,49.32000000000005,49.40000000000005,49.120000000000054,49.19000000000005,779
2026-02-06T19:30:00+00:00,49.19000000000005,49.230000000000054,48.980000000000054,49.07000000000005,940
2026-02-06T19:45:00+00:00,49.07000000000005,49.20000000000005,48.93000000000005,48.97000000000005,760
2026-02-06T20:00:00+00:00,48.97000000000005,49.09000000000005,48.870000000000054,49.09000000000005,748
2026-02-06T20:15:00+00:00,49.09000000000005,49.18000000000005,48.96000000000005,49.07000000000005,829
2026-02-06T20:30:00+00:00,49.07000000000005,49.18000000000005,48.99000000000005,49.120000000000054,858
2026-02-06T20:45:00+00:00,49.120000000000054,49.24000000000005,49.04000000000005,49.04000000000005,1156
2026-02-09T14:30:00+00:00,49.04000000000005,49.04000000000005,46.050000000000054,46.60000000000005,5729
2026-02-09T14:45:00+00:00,46.60000000000005,48.07000000000005,46.57000000000005,47.94000000000005,5070
2026-02-09T15:00:00+00:00,47.94000000000005,48.65000000000005,47.91000000000005,48.41000000000005,4017
2026-02-09T15:15:00+00:00,48.41000000000005,48.47000000000005,48.08000000000005,48.36000000000005,3199
2026-02-09T15:30:00+00:00,48.36000000000005,48.77000000000005,48.36000000000005,48.64000000000005,2519
2026-02-09T15:45:00+00:00,48.64000000000005,48.77000000000005,48.43000000000005,48.72000000000005,2641
2026-02-09T16:00:00+00:00,48.72000000000005,49.120000000000054,48.69000000000005,49.04000000000005,2008
2026-02-09T16:15:00+00:00,49.04000000000005,49.16000000000005,48.96000000000005,49.08000000000005,1597
2026-02-09T16:30:00+00:00,49.08000000000005,49.14000000000005,48.81000000000005,48.93000000000005,1805
2026-02-09T16:45:00+00:00,48.93000000000005,49.13000000000005,48.870000000000054,48.97000000000005,1569
2026-02-09T17:00:00+00:00,48.97000000000005,49.28000000000005,48.97000000000005,49.230000000000054,1285
2026-02-09T17:15:00+00:00,49.230000000000054,49.33000000000005,49.11000000000005,49.300000000000054,958
2026-02-09T17:30:00+00:00,49.300000000000054,49.42000000000005,49.22000000000005,49.39000000000005,1067
2026-02-09T17:45:00+00:00,49.39000000000005,49.43000000000005,49.230000000000054,49.34000000000005,858
2026-02-09T18:00:00+00:00,49.34000000000005,49.42000000000005,49.16000000000005,49.31000000000005,1342
2026-02-09T18:15:00+00:00,49.31000000000005,49.43000000000005,49.01000000000005,49.42000000000005,2011
2026-02-09T18:30:00+00:00,49.42000000000005,49.60000000000005,49.35000000000005,49.550000000000054,935
2026-02-09T18:45:00+00:00,49.550000000000054,49.69000000000005,49.32000000000005,49.35000000000005,873
2026-02-09T19:00:00+00:00,49.35000000000005,49.480000000000054,49.300000000000054,49.33000000000005,909
2026-02-09T19:15:00+00:00,49.33000000000005,49.39000000000005,49.21000000000005,49.29000000000005,773
2026-02-09T19:30:00+00:00,49.29000000000005,49.41000000000005,49.26000000000005,49.300000000000054,433
2026-02-09T19:45:00+00:00,49.300000000000054,49.35000000000005,49.230000000000054,49.26000000000005,503
2026-02-09T20:00:00+00:00,49.26000000000005,49.44000000000005,49.24000000000005,49.34000000000005,560
2026-02-09T20:15:00+00:00,49.34000000000005,49.370000000000054,48.92000000000005,48.980000000000054,793
2026-02-09T20:30:00+00:00,48.980000000000054,49.06000000000005,48.86000000000005,48.91000000000005,1057
2026-02-09T20:45:00+00:00,48.91000000000005,49.04000000000005,48.64000000000005,48.69000000000005,1470
2026-02-10T14:30:00+00:00,48.69000000000005,48.99000000000005,47.230000000000054,47.61000000000005,4262
2026-02-10T14:45:00+00:00,47.61000000000005,47.66000000000005,46.83000000000005,47.51000000000005,3850
2026-02-10T15:00:00+00:00,47.51000000000005,47.56000000000005,47.08000000000005,47.15000000000005,2782
2026-02-10T15:15:00+00:00,47.15000000000005,47.46000000000005,47.00000000000005,47.06000000000005,2575
2026-02-10T15:30:00+00:00,47.06000000000005,47.20000000000005,46.92000000000005,46.99000000000005,1940
2026-02-10T15:45:00+00:00,46.99000000000005,47.08000000000005,46.44000000000005,46.68000000000005,2371
2026-02-10T16:00:00+00:00,46.68000000000005,46.96000000000005,46.550000000000054,46.94000000000005,1942
2026-02-10T16:15:00+00:00,46.94000000000005,47.050000000000054,46.66000000000005,46.69000000000005,2234
2026-02-10T16:30:00+00:00,46.69000000000005,46.870000000000054,46.02000000000005,46.09000000000005,2444
2026-02-10T16:45:00+00:00,46.09000000000005,46.41000000000005,46.06000000000005,46.19000000000005,2116
2026-02-10T17:00:00+00:00,46.19000000000005,46.27000000000005,46.050000000000054,46.18000000000005,1596
2026-02-10T17:15:00+00:00,46.18000000000005,46.34000000000005,46.08000000000005,46.18000000000005,1249
2026-02-10T17:30:00+00:00,46.18000000000005,46.18000000000005,45.99000000000005,46.120000000000054,903
2026-02-10T17:45:00+00:00,46.120000000000054,46.32000000000005,46.120000000000054,46.27000000000005,785
2026-02-10T18:00:00+00:00,46.27000000000005,46.300000000000054,46.06000000000005,46.08000000000005,854
2026-02-10T18:15:00+00:00,46.08000000000005,46.13000000000005,45.82000000000005,45.85000000000005,954
2026-02-10T18:30:00+00:00,45.85000000000005,46.02000000000005,45.800000000000054,45.83000000000005,1222
2026-02-10T18:45:00+00:00,45.83000000000005,45.91000000000005,45.730000000000054,45.89000000000005,857
2026-02-10T19:00:00+00:00,45.89000000000005,45.96000000000005,45.77000000000005,45.88000000000005,872
2026-02-10T19:15:00+00:00,45.88000000000005,45.90000000000005,45.67000000000005,45.730000000000054,652
2026-02-10T19:30:00+00:00,45.730000000000054,45.78000000000005,45.38000000000005,45.45000000000005,693
2026-02-10T19:45:00+00:00,45.45000000000005,45.52000000000005,45.36000000000005,45.47000000000005,590
2026-02-10T20:00:00+00:00,45.47000000000005,45.480000000000054,45.31000000000005,45.36000000000005,798
2026-02-10T20:15:00+00:00,45.36000000000005,45.46000000000005,45.27000000000005,45.38000000000005,651
2026-02-10T20:30:00+00:00,45.38000000000005,45.65000000000005,45.22000000000005,45.65000000000005,1151
2026-02-10T20:45:00+00:00,45.65000000000005,45.69000000000005,45.45000000000005,45.61000000000005,1491
2026-02-11T14:30:00+00:00,45.61000000000005,47.66000000000005,45.61000000000005,47.60000000000005,4845
2026-02-11T14:45:00+00:00,47.60000000000005,48.02000000000005,47.42000000000005,47.52000000000005,4273
2026-02-11T15:00:00+00:00,47.52000000000005,47.63000000000005,46.32000000000005,46.43000000000005,6530
2026-02-11T15:15:00+00:00,46.43000000000005,46.49000000000005,45.31000000000005,45.45000000000005,6483
2026-02-11T15:30:00+00:00,45.45000000000005,46.120000000000054,45.35000000000005,46.03000000000005,5407
2026-02-11T15:45:00+00:00,46.03000000000005,46.57000000000005,45.81000000000005,46.550000000000054,4850
2026-02-11T16:00:00+00:00,46.550000000000054,46.74000000000005,46.27000000000005,46.68000000000005,4401
2026-02-11T16:15:00+00:00,46.68000000000005,46.72000000000005,46.36000000000005,46.41000000000005,3008
2026-02-11T16:30:00+00:00,46.41000000000005,46.78000000000005,46.28000000000005,46.74000000000005,3048
2026-02-11T16:45:00+00:00,46.74000000000005,46.79000000000005,46.42000000000005,46.54000000000005,2955
2026-02-11T17:00:00+00:00,46.54000000000005,46.58000000000005,46.28000000000005,46.39000000000005,2946
2026-02-11T17:15:00+00:00,46.39000000000005,46.67000000000005,46.35000000000005,46.45000000000005,2183
2026-02-11T17:30:00+00:00,46.45000000000005,46.58000000000005,46.32000000000005,46.41000000000005,1797
2026-02-11T17:45:00+00:00,46.41000000000005,46.550000000000054,46.18000000000005,46.21000000000005,1468
2026-02-11T18:00:00+00:00,46.21000000000005,46.25000000000005,45.84000000000005,45.870000000000054,2167
2026-02-11T18:15:00+00:00,45.870000000000054,46.18000000000005,45.800000000000054,46.14000000000005,1993
2026-02-11T18:30:00+00:00,46.14000000000005,46.230000000000054,46.01000000000005,46.08000000000005,1950
2026-02-11T18:45:00+00:00,46.08000000000005,46.300000000000054,46.01000000000005,46.21000000000005,2037
2026-02-11T19:00:00+00:00,46.21000000000005,46.31000000000005,46.00000000000005,46.25000000000005,1682
2026-02-11T19:15:00+00:00,46.25000000000005,46.370000000000054,46.24000000000005,46.33000000000005,1271
2026-02-11T19:30:00+00:00,46.33000000000005,46.34000000000005,46.03000000000005,46.08000000000005,1470
2026-02-11T19:45:00+00:00,46.08000000000005,46.20000000000005,45.96000000000005,46.02000000000005,1897
2026-02-11T20:00:00+00:00,46.02000000000005,46.370000000000054,45.93000000000005,46.36000000000005,1457
2026-02-11T20:15:00+00:00,46.36000000000005,46.71000000000005,46.32000000000005,46.59000000000005,958
2026-02-11T20:30:00+00:00,46.59000000000005,46.96000000000005,46.480000000000054,46.88000000000005,1420
2026-02-11T20:45:00+00:00,46.88000000000005,46.92000000000005,46.68000000000005,46.69000000000005,1541
2026-02-12T14:30:00+00:00,46.69000000000005,47.42000000000005,46.11000000000005,46.85000000000005,4353
2026-02-12T14:45:00+00:00,46.85000000000005,46.92000000000005,45.88000000000005,46.230000000000054,3832
2026-02-12T15:00:00+00:00,46.230000000000054,46.870000000000054,46.120000000000054,46.41000000000005,3334
2026-02-12T15:15:00+00:00,46.41000000000005,46.60000000000005,46.21000000000005,46.54000000000005,3110
2026-02-12T15:30:00+00:00,46.54000000000005,46.67000000000005,45.97000000000005,46.01000000000005,2724
2026-02-12T15:45:00+00:00,46.01000000000005,46.39000000000005,45.980000000000054,46.00000000000005,2841
2026-02-12T16:00:00+00:00,46.00000000000005,46.10000000000005,45.51000000000005,45.59000000000005,3152
2026-02-12T16:15:00+00:00,45.59000000000005,45.65000000000005,45.00000000000005,45.04000000000005,3723
2026-02-12T16:30:00+00:00,45.04000000000005,45.65000000000005,44.93000000000005,45.47000000000005,5057
2026-02-12T16:45:00+00:00,45.47000000000005,45.67000000000005,45.38000000000005,45.53000000000005,4888
2026-02-12T17:00:00+00:00,45.53000000000005,45.74000000000005,45.34000000000005,45.50000000000005,3801
2026-02-12T17:15:00+00:00,45.50000000000005,45.76000000000005,45.39000000000005,45.47000000000005,3238
2026-02-12T17:30:00+00:00,45.47000000000005,45.67000000000005,45.41000000000005,45.45000000000005,3462
2026-02-12T17:45:00+00:00,45.45000000000005,45.56000000000005,45.050000000000054,45.09000000000005,2791
2026-02-12T18:00:00+00:00,45.09000000000005,45.35000000000005,44.97000000000005,45.230000000000054,2470
2026-02-12T18:15:00+00:00,45.230000000000054,45.230000000000054,44.79000000000005,44.96000000000005,2535
2026-02-12T18:30:00+00:00,44.96000000000005,45.32000000000005,44.91000000000005,45.31000000000005,2863
2026-02-12T18:45:00+00:00,45.31000000000005,45.34000000000005,45.00000000000005,45.10000000000005,2352
2026-02-12T19:00:00+00:00,45.10000000000005,45.34000000000005,45.06000000000005,45.19000000000005,2344
2026-02-12T19:15:00+00:00,45.19000000000005,45.41000000000005,45.09000000000005,45.120000000000054,2033
2026-02-12T19:30:00+00:00,45.120000000000054,45.370000000000054,45.09000000000005,45.29000000000005,1901
2026-02-12T19:45:00+00:00,45.29000000000005,45.38000000000005,45.02000000000005,45.07000000000005,1669
2026-02-12T20:00:00+00:00,45.07000000000005,45.17000000000005,44.82000000000005,45.01000000000005,1588
2026-02-12T20:15:00+00:00,45.01000000000005,45.04000000000005,44.65000000000005,44.71000000000005,1760
2026-02-12T20:30:00+00:00,44.71000000000005,45.03000000000005,44.70000000000005,44.97000000000005,1991
2026-02-12T20:45:00+00:00,44.97000000000005,45.08000000000005,44.68000000000005,44.96000000000005,2011
2026-02-13T14:30:00+00:00,44.96000000000005,44.96000000000005,43.42000000000005,44.00000000000005,5595
2026-02-13T14:45:00+00:00,44.00000000000005,45.47000000000005,43.97000000000005,45.050000000000054,5627
2026-02-13T15:00:00+00:00,45.050000000000054,45.58000000000005,44.86000000000005,45.27000000000005,6388
2026-02-13T15:15:00+00:00,45.27000000000005,45.84000000000005,45.18000000000005,45.74000000000005,5234
2026-02-13T15:30:00+00:00,45.74000000000005,46.16000000000005,45.69000000000005,45.72000000000005,4414
2026-02-13T15:45:00+00:00,45.72000000000005,45.870000000000054,45.480000000000054,45.60000000000005,4012
2026-02-13T16:00:00+00:00,45.60000000000005,45.78000000000005,45.44000000000005,45.54000000000005,3768
2026-02-13T16:15:00+00:00,45.54000000000005,45.75000000000005,45.34000000000005,45.72000000000005,3090
2026-02-13T16:30:00+00:00,45.72000000000005,45.86000000000005,45.52000000000005,45.70000000000005,3348
2026-02-13T16:45:00+00:00,45.70000000000005,45.89000000000005,45.59000000000005,45.76000000000005,3007
2026-02-13T17:00:00+00:00,45.76000000000005,45.93000000000005,45.71000000000005,45.90000000000005,2170
2026-02-13T17:15:00+00:00,45.90000000000005,45.94000000000005,45.69000000000005,45.85000000000005,2662
2026-02-13T17:30:00+00:00,45.85000000000005,45.980000000000054,45.76000000000005,45.92000000000005,1559
2026-02-13T17:45:00+00:00,45.92000000000005,46.04000000000005,45.730000000000054,45.75000000000005,1727
2026-02-13T18:00:00+00:00,45.75000000000005,45.89000000000005,45.61000000000005,45.75000000000005,2902
2026-02-13T18:15:00+00:00,45.75000000000005,45.84000000000005,45.550000000000054,45.59000000000005,2424
2026-02-13T18:30:00+00:00,45.59000000000005,45.71000000000005,45.50000000000005,45.56000000000005,2366
2026-02-13T18:45:00+00:00,45.56000000000005,45.69000000000005,45.480000000000054,45.54000000000005,2091
2026-02-13T19:00:00+00:00,45.54000000000005,45.61000000000005,45.46000000000005,45.56000000000005,2057
2026-02-13T19:15:00+00:00,45.56000000000005,45.67000000000005,45.42000000000005,45.49000000000005,2078
2026-02-13T19:30:00+00:00,45.49000000000005,45.59000000000005,45.370000000000054,45.43000000000005,1933
2026-02-13T19:45:00+00:00,45.43000000000005,45.56000000000005,45.22000000000005,45.300000000000054,1898
2026-02-13T20:00:00+00:00,45.300000000000054,45.47000000000005,45.24000000000005,45.26000000000005,1916
2026-02-13T20:15:00+00:00,45.26000000000005,45.43000000000005,45.16000000000005,45.20000000000005,1772
2026-02-13T20:30:00+00:00,45.20000000000005,45.300000000000054,45.10000000000005,45.26000000000005,2548
2026-02-13T20:45:00+00:00,45.26000000000005,45.40000000000005,45.18000000000005,45.25000000000005,2483
2026-02-17T14:30:00+00:00,45.25000000000005,45.25000000000005,44.19000000000005,44.54000000000005,4776
2026-02-17T14:45:00+00:00,44.54000000000005,44.92000000000005,44.16000000000005,44.27000000000005,4777
2026-02-17T15:00:00+00:00,44.27000000000005,44.49000000000005,43.980000000000054,44.09000000000005,5296
2026-02-17T15:15:00+00:00,44.09000000000005,45.02000000000005,44.06000000000005,44.42000000000005,5713
2026-02-17T15:30:00+00:00,44.42000000000005,44.46000000000005,43.91000000000005,44.31000000000005,4948
2026-02-17T15:45:00+00:00,44.31000000000005,44.66000000000005,44.21000000000005,44.58000000000005,4770
2026-02-17T16:00:00+00:00,44.58000000000005,45.07000000000005,44.57000000000005,44.95000000000005,3387
2026-02-17T16:15:00+00:00,44.95000000000005,44.980000000000054,44.61000000000005,44.63000000000005,2812
2026-02-17T16:30:00+00:00,44.63000000000005,44.88000000000005,44.57000000000005,44.76000000000005,2906
2026-02-17T16:45:00+00:00,44.76000000000005,44.94000000000005,44.72000000000005,44.84000000000005,2738
2026-02-17T17:00:00+00:00,44.84000000000005,44.88000000000005,44.72000000000005,44.76000000000005,2557
2026-02-17T17:15:00+00:00,44.76000000000005,44.92000000000005,44.66000000000005,44.90000000000005,2301
2026-02-17T17:30:00+00:00,44.90000000000005,44.94000000000005,44.67000000000005,44.67000000000005,2638
2026-02-17T17:45:00+00:00,44.67000000000005,44.83000000000005,44.56000000000005,44.75000000000005,3174
2026-02-17T18:00:00+00:00,44.75000000000005,44.81000000000005,44.57000000000005,44.76000000000005,2821
2026-02-17T18:15:00+00:00,44.76000000000005,45.04000000000005,44.68000000000005,44.96000000000005,2495
2026-02-17T18:30:00+00:00,44.96000000000005,45.16000000000005,44.870000000000054,45.07000000000005,2105
2026-02-17T18:45:00+00:00,45.07000000000005,45.27000000000005,45.02000000000005,45.19000000000005,1744
2026-02-17T19:00:00+00:00,45.19000000000005,45.26000000000005,45.10000000000005,45.230000000000054,1844
2026-02-17T19:15:00+00:00,45.230000000000054,45.29000000000005,45.08000000000005,45.11000000000005,1439
2026-02-17T19:30:00+00:00,45.11000000000005,45.300000000000054,45.10000000000005,45.17000000000005,1144
2026-02-17T19:45:00+00:00,45.17000000000005,45.20000000000005,44.96000000000005,45.00000000000005,778
2026-02-17T20:00:00+00:00,45.00000000000005,45.11000000000005,44.89000000000005,44.94000000000005,717
2026-02-17T20:15:00+00:00,44.94000000000005,44.99000000000005,44.78000000000005,44.83000000000005,592
2026-02-17T20:30:00+00:00,44.83000000000005,44.90000000000005,44.730000000000054,44.74000000000005,556
2026-02-17T20:45:00+00:00,44.74000000000005,44.800000000000054,44.53000000000005,44.67000000000005,1525
2026-02-18T14:30:00+00:00,44.67000000000005,44.67000000000005,43.35000000000005,44.14000000000005,4622
2026-02-18T14:45:00+00:00,44.14000000000005,44.68000000000005,43.97000000000005,44.56000000000005,3140
2026-02-18T15:00:00+00:00,44.56000000000005,44.90000000000005,44.42000000000005,44.81000000000005,2057
2026-02-18T15:15:00+00:00,44.81000000000005,45.21000000000005,44.78000000000005,45.01000000000005,2356
2026-02-18T15:30:00+00:00,45.01000000000005,45.07000000000005,44.78000000000005,44.82000000000005,2392
2026-02-18T15:45:00+00:00,44.82000000000005,45.10000000000005,44.79000000000005,45.03000000000005,1907
2026-02-18T16:00:00+00:00,45.03000000000005,45.08000000000005,44.83000000000005,44.92000000000005,1271
2026-02-18T16:15:00+00:00,44.92000000000005,45.07000000000005,44.86000000000005,44.97000000000005,830
2026-02-18T16:30:00+00:00,44.97000000000005,45.22000000000005,44.93000000000005,45.06000000000005,1273
2026-02-18T16:45:00+00:00,45.06000000000005,45.07000000000005,44.71000000000005,44.71000000000005,1126
2026-02-18T17:00:00+00:00,44.71000000000005,44.800000000000054,44.620000000000054,44.64000000000005,770
2026-02-18T17:15:00+00:00,44.64000000000005,44.77000000000005,44.60000000000005,44.68000000000005,706
2026-02-18T17:30:00+00:00,44.68000000000005,44.70000000000005,44.56000000000005,44.63000000000005,657
2026-02-18T17:45:00+00:00,44.63000000000005,44.65000000000005,44.41000000000005,44.58000000000005,426
2026-02-18T18:00:00+00:00,44.58000000000005,44.74000000000005,44.45000000000005,44.50000000000005,891
2026-02-18T18:15:00+00:00,44.50000000000005,44.50000000000005,44.31000000000005,44.370000000000054,834
2026-02-18T18:30:00+00:00,44.370000000000054,44.41000000000005,44.17000000000005,44.25000000000005,804
2026-02-18T18:45:00+00:00,44.25000000000005,44.440000000000055,44.220000000000056,44.370000000000054,1003
2026-02-18T19:00:00+00:00,44.370000000000054,44.41000000000005,44.230000000000054,44.260000000000055,1194
2026-02-18T19:15:00+00:00,44.260000000000055,44.360000000000056,44.20000000000005,44.24000000000005,1061
2026-02-18T19:30:00+00:00,44.24000000000005,44.260000000000055,43.95000000000005,44.06000000000005,1501
2026-02-18T19:45:00+00:00,44.06000000000005,44.17000000000005,43.75000000000006,43.78000000000005,1331
2026-02-18T20:00:00+00:00,43.78000000000005,43.900000000000055,43.63000000000005,43.690000000000055,972
2026-02-18T20:15:00+00:00,43.690000000000055,43.78000000000005,43.610000000000056,43.720000000000056,1025
2026-02-18T20:30:00+00:00,43.720000000000056,43.790000000000056,43.650000000000055,43.730000000000054,931
2026-02-18T20:45:00+00:00,43.730000000000054,44.06000000000005,43.690000000000055,43.95000000000005,1341
2026-02-19T14:30:00+00:00,43.95000000000005,43.95000000000005,42.46000000000005,42.57000000000006,5199
2026-02-19T14:45:00+00:00,42.57000000000006,43.03000000000005,42.39000000000006,42.96000000000005,2884
2026-02-19T15:00:00+00:00,42.96000000000005,43.34000000000006,42.830000000000055,43.21000000000006,4150
2026-02-19T15:15:00+00:00,43.21000000000006,43.400000000000055,43.07000000000006,43.190000000000055,3525
2026-02-19T15:30:00+00:00,43.190000000000055,43.68000000000006,43.16000000000006,43.540000000000056,2891
2026-02-19T15:45:00+00:00,43.540000000000056,43.59000000000006,43.07000000000006,43.260000000000055,2732
2026-02-19T16:00:00+00:00,43.260000000000055,43.290000000000056,43.02000000000006,43.10000000000006,2270
2026-02-19T16:15:00+00:00,43.10000000000006,43.41000000000006,43.06000000000006,43.16000000000006,2046
2026-02-19T16:30:00+00:00,43.16000000000006,43.27000000000006,42.99000000000006,43.010000000000055,1651
2026-02-19T16:45:00+00:00,43.010000000000055,43.080000000000055,42.75000000000006,42.75000000000006,2117
2026-02-19T17:00:00+00:00,42.75000000000006,42.95000000000006,42.68000000000006,42.92000000000006,1757
2026-02-19T17:15:00+00:00,42.92000000000006,43.18000000000006,42.860000000000056,43.150000000000055,1780
2026-02-19T17:30:00+00:00,43.150000000000055,43.21000000000006,43.010000000000055,43.110000000000056,1560
2026-02-19T17:45:00+00:00,43.110000000000056,43.220000000000056,42.95000000000006,43.10000000000006,1888
2026-02-19T18:00:00+00:00,43.10000000000006,43.330000000000055,43.02000000000006,43.290000000000056,1578
2026-02-19T18:15:00+00:00,43.290000000000056,43.31000000000006,43.03000000000006,43.10000000000006,1828
2026-02-19T18:30:00+00:00,43.10000000000006,43.17000000000006,42.940000000000055,42.970000000000056,1294
2026-02-19T18:45:00+00:00,42.970000000000056,43.120000000000054,42.940000000000055,43.110000000000056,1040
2026-02-19T19:00:00+00:00,43.110000000000056,43.13000000000006,42.92000000000006,43.03000000000006,1278
2026-02-19T19:15:00+00:00,43.03000000000006,43.150000000000055,42.980000000000054,43.040000000000056,758
2026-02-19T19:30:00+00:00,43.040000000000056,43.150000000000055,42.95000000000006,43.040000000000056,1398
2026-02-19T19:45:00+00:00,43.040000000000056,43.18000000000006,42.96000000000006,43.120000000000054,898
2026-02-19T20:00:00+00:00,43.120000000000054,43.220000000000056,42.940000000000055,42.940000000000055,945
2026-02-19T20:15:00+00:00,42.940000000000055,42.970000000000056,42.70000000000006,42.790000000000056,583
2026-02-19T20:30:00+00:00,42.790000000000056,42.95000000000006,42.760000000000055,42.860000000000056,497
2026-02-19T20:45:00+00:00,42.860000000000056,43.150000000000055,42.82000000000006,43.13000000000006,649
2026-02-20T14:30:00+00:00,43.13000000000006,43.13000000000006,41.900000000000055,42.230000000000054,4353
2026-02-20T14:45:00+00:00,42.230000000000054,42.35000000000006,41.59000000000006,41.790000000000056,2546
2026-02-20T15:00:00+00:00,41.790000000000056,42.43000000000006,41.56000000000006,41.60000000000006,5223
2026-02-20T15:15:00+00:00,41.60000000000006,41.92000000000006,41.38000000000006,41.66000000000006,3439
2026-02-20T15:30:00+00:00,41.66000000000006,41.900000000000055,41.540000000000056,41.85000000000006,3458
2026-02-20T15:45:00+00:00,41.85000000000006,42.260000000000055,41.70000000000006,42.18000000000006,2247
2026-02-20T16:00:00+00:00,42.18000000000006,42.38000000000006,42.080000000000055,42.09000000000006,2628
2026-02-20T16:15:00+00:00,42.09000000000006,42.120000000000054,41.77000000000006,41.81000000000006,2475
2026-02-20T16:30:00+00:00,41.81000000000006,42.34000000000006,41.78000000000006,42.290000000000056,1923
2026-02-20T16:45:00+00:00,42.290000000000056,42.34000000000006,42.03000000000006,42.07000000000006,1216
2026-02-20T17:00:00+00:00,42.07000000000006,42.110000000000056,41.870000000000054,41.92000000000006,1836
2026-02-20T17:15:00+00:00,41.92000000000006,41.92000000000006,41.74000000000006,41.870000000000054,2277
2026-02-20T17:30:00+00:00,41.870000000000054,41.99000000000006,41.78000000000006,41.870000000000054,2184
2026-02-20T17:45:00+00:00,41.870000000000054,42.18000000000006,41.860000000000056,42.150000000000055,1678
2026-02-20T18:00:00+00:00,42.150000000000055,42.34000000000006,42.080000000000055,42.31000000000006,1284
2026-02-20T18:15:00+00:00,42.31000000000006,42.38000000000006,42.09000000000006,42.370000000000054,2100
2026-02-20T18:30:00+00:00,42.370000000000054,42.84000000000006,42.24000000000006,42.800000000000054,3027
2026-02-20T18:45:00+00:00,42.800000000000054,42.89000000000006,42.650000000000055,42.800000000000054,1526
2026-02-20T19:00:00+00:00,42.800000000000054,42.84000000000006,42.64000000000006,42.720000000000056,1077
2026-02-20T19:15:00+00:00,42.720000000000056,42.870000000000054,42.68000000000006,42.75000000000006,1026
2026-02-20T19:30:00+00:00,42.75000000000006,42.870000000000054,42.620000000000054,42.620000000000054,779
2026-02-20T19:45:00+00:00,42.620000000000054,42.800000000000054,42.620000000000054,42.730000000000054,854
2026-02-20T20:00:00+00:00,42.730000000000054,42.77000000000006,42.59000000000006,42.75000000000006,1128
2026-02-20T20:15:00+00:00,42.75000000000006,42.75000000000006,42.56000000000006,42.56000000000006,734
2026-02-20T20:30:00+00:00,42.56000000000006,42.70000000000006,42.50000000000006,42.64000000000006,675
2026-02-20T20:45:00+00:00,42.64000000000006,42.67000000000006,42.46000000000006,42.63000000000006,887
2026-02-23T14:30:00+00:00,42.63000000000006,42.88000000000006,42.41000000000006,42.42000000000006,3962
2026-02-23T14:45:00+00:00,42.42000000000006,42.940000000000055,42.360000000000056,42.64000000000006,3330
2026-02-23T15:00:00+00:00,42.64000000000006,42.93000000000006,42.550000000000054,42.78000000000006,3707
2026-02-23T15:15:00+00:00,42.78000000000006,43.050000000000054,42.64000000000006,42.75000000000006,3105
2026-02-23T15:30:00+00:00,42.75000000000006,42.84000000000006,42.550000000000054,42.760000000000055,2682
2026-02-23T15:45:00+00:00,42.760000000000055,42.89000000000006,42.53000000000006,42.550000000000054,2197
2026-02-23T16:00:00+00:00,42.550000000000054,42.610000000000056,42.20000000000006,42.35000000000006,2069
2026-02-23T16:15:00+00:00,42.35000000000006,42.580000000000055,42.27000000000006,42.370000000000054,2346
2026-02-23T16:30:00+00:00,42.370000000000054,42.440000000000055,42.25000000000006,42.330000000000055,1954
2026-02-23T16:45:00+00:00,42.330000000000055,42.35000000000006,42.16000000000006,42.220000000000056,1658
2026-02-23T17:00:00+00:00,42.220000000000056,42.28000000000006,42.17000000000006,42.20000000000006,1329
2026-02-23T17:15:00+00:00,42.20000000000006,42.300000000000054,42.080000000000055,42.09000000000006,986
2026-02-23T17:30:00+00:00,42.09000000000006,42.10000000000006,41.760000000000055,41.900000000000055,930
2026-02-23T17:45:00+00:00,41.900000000000055,42.080000000000055,41.82000000000006,42.00000000000006,1094
2026-02-23T18:00:00+00:00,42.00000000000006,42.120000000000054,41.95000000000006,42.050000000000054,785
2026-02-23T18:15:00+00:00,42.050000000000054,42.120000000000054,41.980000000000054,42.07000000000006,495
2026-02-23T18:30:00+00:00,42.07000000000006,42.14000000000006,42.00000000000006,42.07000000000006,531
2026-02-23T18:45:00+00:00,42.07000000000006,42.09000000000006,41.74000000000006,41.790000000000056,651
2026-02-23T19:00:00+00:00,41.790000000000056,41.900000000000055,41.75000000000006,41.85000000000006,632
2026-02-23T19:15:00+00:00,41.85000000000006,41.95000000000006,41.81000000000006,41.84000000000006,394
2026-02-23T19:30:00+00:00,41.84000000000006,41.92000000000006,41.75000000000006,41.81000000000006,475
2026-02-23T19:45:00+00:00,41.81000000000006,41.92000000000006,41.720000000000056,41.88000000000006,535
2026-02-23T20:00:00+00:00,41.88000000000006,41.940000000000055,41.720000000000056,41.74000000000006,371
2026-02-23T20:15:00+00:00,41.74000000000006,41.93000000000006,41.68000000000006,41.92000000000006,300
2026-02-23T20:30:00+00:00,41.92000000000006,42.080000000000055,41.830000000000055,41.940000000000055,831
2026-02-23T20:45:00+00:00,41.940000000000055,42.17000000000006,41.84000000000006,42.16000000000006,1326
2026-02-24T14:30:00+00:00,42.16000000000006,43.510000000000055,42.040000000000056,42.620000000000054,4527
2026-02-24T14:45:00+00:00,42.620000000000054,43.040000000000056,42.550000000000054,42.84000000000006,3049
2026-02-24T15:00:00+00:00,42.84000000000006,42.95000000000006,42.59000000000006,42.82000000000006,2973
2026-02-24T15:15:00+00:00,42.82000000000006,43.66000000000006,42.68000000000006,43.63000000000006,2940
2026-02-24T15:30:00+00:00,43.63000000000006,43.860000000000056,43.42000000000006,43.81000000000006,2161
2026-02-24T15:45:00+00:00,43.81000000000006,44.39000000000006,43.800000000000054,44.190000000000055,2697
2026-02-24T16:00:00+00:00,44.190000000000055,44.56000000000006,44.110000000000056,44.16000000000006,3011
2026-02-24T16:15:00+00:00,44.16000000000006,44.41000000000006,43.830000000000055,43.85000000000006,2423
2026-02-24T16:30:00+00:00,43.85000000000006,44.13000000000006,43.53000000000006,44.080000000000055,2385
2026-02-24T16:45:00+00:00,44.080000000000055,44.32000000000006,43.95000000000006,44.220000000000056,1966.2131782945737
2026-02-24T17:00:00+00:00,44.220000000000056,44.400000000000055,44.110000000000056,44.32000000000006,1471
2026-02-24T17:15:00+00:00,44.32000000000006,44.45000000000006,44.21000000000006,44.38000000000006,1106
2026-02-24T17:30:00+00:00,44.38000000000006,44.53000000000006,44.31000000000006,44.49000000000006,775
2026-02-24T17:45:00+00:00,44.49000000000006,44.60000000000006,44.18000000000006,44.28000000000006,1011
2026-02-24T18:00:00+00:00,44.28000000000006,44.540000000000056,44.27000000000006,44.470000000000056,688
2026-02-24T18:15:00+00:00,44.470000000000056,44.510000000000055,44.32000000000006,44.42000000000006,894
2026-02-24T18:30:00+00:00,44.42000000000006,44.760000000000055,44.41000000000006,44.64000000000006,1088
2026-02-24T18:45:00+00:00,44.64000000000006,44.77000000000006,44.550000000000054,44.68000000000006,1603
2026-02-24T19:00:00+00:00,44.68000000000006,44.720000000000056,44.480000000000054,44.60000000000006,1374
2026-02-24T19:15:00+00:00,44.60000000000006,44.800000000000054,44.480000000000054,44.78000000000006,1308
2026-02-24T19:30:00+00:00,44.78000000000006,44.940000000000055,44.730000000000054,44.92000000000006,801
2026-02-24T19:45:00+00:00,44.92000000000006,45.03000000000006,44.620000000000054,44.67000000000006,1198
2026-02-24T20:00:00+00:00,44.67000000000006,44.790000000000056,44.52000000000006,44.760000000000055,1470
2026-02-24T20:15:00+00:00,44.760000000000055,45.02000000000006,44.690000000000055,44.96000000000006,1024
2026-02-24T20:30:00+00:00,44.96000000000006,45.06000000000006,44.800000000000054,44.980000000000054,814
2026-02-24T20:45:00+00:00,44.980000000000054,45.110000000000056,44.59000000000006,44.63000000000006,1074
2026-02-25T14:30:00+00:00,44.63000000000006,45.120000000000054,44.110000000000056,44.99000000000006,3926
2026-02-25T14:45:00+00:00,44.99000000000006,45.02000000000006,44.110000000000056,44.31000000000006,2388
2026-02-25T15:00:00+00:00,44.31000000000006,44.46000000000006,44.040000000000056,44.040000000000056,1782
2026-02-25T15:15:00+00:00,44.040000000000056,44.470000000000056,44.010000000000055,44.18000000000006,1851
2026-02-25T15:30:00+00:00,44.18000000000006,44.31000000000006,44.010000000000055,44.30000000000006,1934
2026-02-25T15:45:00+00:00,44.30000000000006,44.360000000000056,44.000000000000064,44.17000000000006,1451
2026-02-25T16:00:00+00:00,44.17000000000006,44.500000000000064,44.13000000000006,44.49000000000006,1252
2026-02-25T16:15:00+00:00,44.49000000000006,44.500000000000064,44.30000000000006,44.48000000000006,1040
2026-02-25T16:30:00+00:00,44.48000000000006,44.56000000000006,44.33000000000006,44.37000000000006,969
2026-02-25T16:45:00+00:00,44.37000000000006,44.45000000000006,44.280000000000065,44.34000000000006,797
2026-02-25T17:00:00+00:00,44.34000000000006,44.52000000000006,44.34000000000006,44.47000000000006,752
2026-02-25T17:15:00+00:00,44.47000000000006,45.04000000000006,44.45000000000006,45.02000000000006,1244
2026-02-25T17:30:00+00:00,45.02000000000006,45.100000000000065,44.86000000000006,44.99000000000006,1230
2026-02-25T17:45:00+00:00,44.99000000000006,45.15000000000006,44.930000000000064,45.13000000000006,921
2026-02-25T18:00:00+00:00,45.13000000000006,45.34000000000006,45.100000000000065,45.15000000000006,992
2026-02-25T18:15:00+00:00,45.15000000000006,45.250000000000064,45.01000000000006,45.22000000000006,864
2026-02-25T18:30:00+00:00,45.22000000000006,45.320000000000064,45.19000000000006,45.210000000000065,588
2026-02-25T18:45:00+00:00,45.210000000000065,45.41000000000006,45.210000000000065,45.31000000000006,490
2026-02-25T19:00:00+00:00,45.31000000000006,45.33000000000006,45.17000000000006,45.26000000000006,625
2026-02-25T19:15:00+00:00,45.26000000000006,45.34000000000006,45.19000000000006,45.23000000000006,555
2026-02-25T19:30:00+00:00,45.23000000000006,45.390000000000065,45.20000000000006,45.350000000000065,484
2026-02-25T19:45:00+00:00,45.350000000000065,45.41000000000006,45.250000000000064,45.320000000000064,370
2026-02-25T20:00:00+00:00,45.320000000000064,45.36000000000006,45.180000000000064,45.19000000000006,484
2026-02-25T20:15:00+00:00,45.19000000000006,45.280000000000065,45.09000000000006,45.09000000000006,464
2026-02-25T20:30:00+00:00,45.09000000000006,45.34000000000006,45.09000000000006,45.140000000000065,666
2026-02-25T20:45:00+00:00,45.140000000000065,45.42000000000006,45.11000000000006,45.34000000000006,1131
2026-02-26T14:30:00+00:00,45.34000000000006,45.40000000000006,44.640000000000065,44.85000000000006,3988
2026-02-26T14:45:00+00:00,44.85000000000006,44.860000000000056,43.540000000000056,43.620000000000054,3775
2026-02-26T15:00:00+00:00,43.620000000000054,43.96000000000006,43.39000000000006,43.42000000000006,4366
2026-02-26T15:15:00+00:00,43.42000000000006,43.42000000000006,42.82000000000006,43.07000000000006,4829
2026-02-26T15:30:00+00:00,43.07000000000006,43.690000000000055,43.03000000000006,43.67000000000006,4141
2026-02-26T15:45:00+00:00,43.67000000000006,43.870000000000054,43.59000000000006,43.75000000000006,3250
2026-02-26T16:00:00+00:00,43.75000000000006,43.96000000000006,43.53000000000006,43.620000000000054,3152
2026-02-26T16:15:00+00:00,43.620000000000054,43.92000000000006,43.59000000000006,43.84000000000006,2466
2026-02-26T16:30:00+00:00,43.84000000000006,43.870000000000054,43.580000000000055,43.610000000000056,2064
2026-02-26T16:45:00+00:00,43.610000000000056,43.730000000000054,43.42000000000006,43.52000000000006,1933
2026-02-26T17:00:00+00:00,43.52000000000006,43.650000000000055,43.470000000000056,43.50000000000006,1569
2026-02-26T17:15:00+00:00,43.50000000000006,43.540000000000056,43.35000000000006,43.52000000000006,1008
2026-02-26T17:30:00+00:00,43.52000000000006,43.760000000000055,43.49000000000006,43.70000000000006,1031
2026-02-26T17:45:00+00:00,43.70000000000006,43.720000000000056,43.53000000000006,43.59000000000006,1038
2026-02-26T18:00:00+00:00,43.59000000000006,43.67000000000006,43.50000000000006,43.580000000000055,1446
2026-02-26T18:15:00+00:00,43.580000000000055,43.77000000000006,43.470000000000056,43.77000000000006,1351
2026-02-26T18:30:00+00:00,43.77000000000006,43.99000000000006,43.71000000000006,43.970000000000056,1453
2026-02-26T18:45:00+00:00,43.970000000000056,44.03000000000006,43.86000000000005,43.96000000000005,1090.8590046949046
2026-02-26T19:00:00+00:00,43.96000000000005,44.17000000000006,43.92000000000005,44.10000000000006,950.7714340411187
2026-02-26T19:15:00+00:00,44.10000000000006,44.12000000000006,43.820000000000064,43.86000000000006,1323.5200055028795
2026-02-26T19:30:00+00:00,43.86000000000006,43.86000000000006,43.58000000000006,43.690000000000076,781.0747691665405
2026-02-26T19:45:00+00:00,43.690000000000076,43.800000000000075,43.49000000000007,43.49000000000007,780.6225375127509
2026-02-26T20:00:00+00:00,43.49000000000007,43.58000000000008,43.32000000000008,43.45000000000008,1500.9195372447857
2026-02-26T20:15:00+00:00,43.45000000000008,43.510000000000076,43.28000000000008,43.340000000000074,836.4937572967159
2026-02-26T20:30:00+00:00,43.340000000000074,43.700000000000074,43.31000000000008,43.68000000000008,816
2026-02-26T20:45:00+00:00,43.68000000000008,43.770000000000074,43.63000000000008,43.71000000000008,792
2026-02-27T14:30:00+00:00,43.71000000000008,43.71000000000008,42.61000000000008,43.38000000000008,3691
2026-02-27T14:45:00+00:00,43.38000000000008,43.940000000000076,43.190000000000076,43.82000000000008,2978
2026-02-27T15:00:00+00:00,43.82000000000008,44.79000000000008,43.79000000000008,44.200000000000074,3239
2026-02-27T15:15:00+00:00,44.200000000000074,44.31000000000008,43.550000000000075,43.660000000000075,3516
2026-02-27T15:30:00+00:00,43.660000000000075,44.050000000000075,43.57000000000008,43.96000000000008,2731
2026-02-27T15:45:00+00:00,43.96000000000008,44.010000000000076,43.620000000000076,43.85000000000007,2485.0450250138965
2026-02-27T16:00:00+00:00,43.85000000000007,43.86000000000007,43.67000000000007,43.77000000000007,1905
2026-02-27T16:15:00+00:00,43.77000000000007,43.81000000000007,43.630000000000074,43.74000000000007,1590
2026-02-27T16:30:00+00:00,43.74000000000007,43.85000000000007,43.52000000000007,43.57000000000007,1996
2026-02-27T16:45:00+00:00,43.57000000000007,43.68000000000007,43.50000000000007,43.60000000000007,2228
2026-02-27T17:00:00+00:00,43.60000000000007,43.95000000000007,43.60000000000007,43.73000000000007,1708
2026-02-27T17:15:00+00:00,43.73000000000007,43.76000000000007,43.51000000000007,43.61000000000007,1994
2026-02-27T17:30:00+00:00,43.61000000000007,43.70000000000007,43.46000000000007,43.49000000000007,2183
2026-02-27T17:45:00+00:00,43.49000000000007,43.60000000000007,43.43000000000007,43.56000000000007,1202
2026-02-27T18:00:00+00:00,43.56000000000007,43.59000000000007,43.28000000000007,43.37000000000007,1813
2026-02-27T18:15:00+00:00,43.37000000000007,43.43000000000007,43.14000000000007,43.34000000000007,1946
2026-02-27T18:30:00+00:00,43.34000000000007,43.36000000000007,43.23000000000007,43.28000000000007,1101
2026-02-27T18:45:00+00:00,43.28000000000007,43.31000000000007,43.16000000000007,43.22000000000007,918
2026-02-27T19:00:00+00:00,43.22000000000007,43.39000000000007,43.130000000000074,43.15000000000007,1050
2026-02-27T19:15:00+00:00,43.15000000000007,43.39000000000007,43.15000000000007,43.35000000000007,1115
2026-02-27T19:30:00+00:00,43.35000000000007,43.630000000000074,43.31000000000007,43.44000000000007,1621
2026-02-27T19:45:00+00:00,43.44000000000007,43.67000000000007,43.42000000000007,43.61000000000007,1200
2026-02-27T20:00:00+00:00,43.61000000000007,43.83000000000007,43.59000000000007,43.81000000000007,855
2026-02-27T20:15:00+00:00,43.81000000000007,43.89000000000007,43.75000000000007,43.79000000000007,890
2026-02-27T20:30:00+00:00,43.79000000000007,43.87000000000007,43.71000000000007,43.75000000000007,672
2026-02-27T20:45:00+00:00,43.75000000000007,43.87000000000007,43.58000000000007,43.81000000000007,1300
2026-03-02T14:30:00+00:00,43.81000000000007,45.43000000000007,43.60000000000007,44.72000000000007,5010
2026-03-02T14:45:00+00:00,44.72000000000007,45.08000000000007,44.42000000000007,44.57000000000007,4073
2026-03-02T15:00:00+00:00,44.57000000000007,44.67000000000007,44.26000000000007,44.480000000000075,3374
2026-03-02T15:15:00+00:00,44.480000000000075,44.50000000000007,43.99000000000007,44.42000000000007,2934
2026-03-02T15:30:00+00:00,44.42000000000007,44.50000000000007,43.950000000000074,44.28000000000007,2753
2026-03-02T15:45:00+00:00,44.28000000000007,44.550000000000075,44.22000000000007,44.37000000000007,2816
2026-03-02T16:00:00+00:00,44.37000000000007,44.92000000000007,44.32000000000007,44.880000000000074,2391
2026-03-02T16:15:00+00:00,44.880000000000074,44.90000000000007,44.42000000000007,44.450000000000074,2476
2026-03-02T16:30:00+00:00,44.450000000000074,44.75000000000007,44.39000000000007,44.72000000000007,2909
2026-03-02T16:45:00+00:00,44.72000000000007,44.83000000000007,44.54000000000007,44.630000000000074,2315
2026-03-02T17:00:00+00:00,44.630000000000074,44.65000000000007,44.43000000000007,44.58000000000007,1743
2026-03-02T17:15:00+00:00,44.58000000000007,44.86000000000007,44.58000000000007,44.71000000000007,1884
2026-03-02T17:30:00+00:00,44.71000000000007,44.97000000000007,44.69000000000007,44.950000000000074,1924
2026-03-02T17:45:00+00:00,44.950000000000074,44.980000000000075,44.85000000000007,44.910000000000075,1632
2026-03-02T18:00:00+00:00,44.910000000000075,44.93000000000007,44.74000000000007,44.78000000000007,1267
2026-03-02T18:15:00+00:00,44.78000000000007,44.840000000000074,44.65000000000007,44.730000000000075,1275
2026-03-02T18:30:00+00:00,44.730000000000075,44.800000000000075,44.590000000000074,44.79000000000007,1392
2026-03-02T18:45:00+00:00,44.79000000000007,44.79000000000007,44.51000000000007,44.56000000000007,1414
2026-03-02T19:00:00+00:00,44.56000000000007,44.75000000000007,44.50000000000007,44.730000000000075,1154
2026-03-02T19:15:00+00:00,44.730000000000075,44.89000000000007,44.72000000000007,44.880000000000074,1001
2026-03-02T19:30:00+00:00,44.880000000000074,45.01000000000007,44.85000000000007,44.950000000000074,786
2026-03-02T19:45:00+00:00,44.950000000000074,45.11000000000007,44.90000000000007,44.93000000000007,707
2026-03-02T20:00:00+00:00,44.93000000000007,44.980000000000075,44.56000000000007,44.69000000000007,2574
2026-03-02T20:15:00+00:00,44.69000000000007,44.97000000000007,44.62000000000007,44.81000000000007,2960
2026-03-02T20:30:00+00:00,44.81000000000007,45.21000000000007,44.800000000000075,45.19000000000007,1935
2026-03-02T20:45:00+00:00,45.19000000000007,45.32000000000007,45.04000000000007,45.130000000000074,1842
2026-03-03T14:30:00+00:00,45.130000000000074,45.130000000000074,41.800000000000075,42.15000000000007,5812
2026-03-03T14:45:00+00:00,42.15000000000007,42.61000000000007,42.07000000000007,42.410000000000075,4813
2026-03-03T15:00:00+00:00,42.410000000000075,42.910000000000075,42.29000000000007,42.60000000000007,6221
2026-03-03T15:15:00+00:00,42.60000000000007,42.68000000000007,41.81000000000007,41.93000000000007,4519
2026-03-03T15:30:00+00:00,41.93000000000007,42.450000000000074,41.92000000000007,42.300000000000075,5654
2026-03-03T15:45:00+00:00,42.300000000000075,42.69000000000007,42.22000000000007,42.64000000000007,4219
2026-03-03T16:00:00+00:00,42.64000000000007,43.14000000000007,42.520000000000074,43.01000000000007,3909
2026-03-03T16:15:00+00:00,43.01000000000007,43.04000000000007,42.78000000000007,42.89000000000007,3320
2026-03-03T16:30:00+00:00,42.89000000000007,43.06000000000007,42.78000000000007,43.03000000000007,3513
2026-03-03T16:45:00+00:00,43.03000000000007,43.270000000000074,42.980000000000075,43.020000000000074,3382
2026-03-03T17:00:00+00:00,43.020000000000074,43.14000000000007,42.64000000000007,42.82000000000007,2983
2026-03-03T17:15:00+00:00,42.82000000000007,43.050000000000075,42.81000000000007,42.950000000000074,2446
2026-03-03T17:30:00+00:00,42.950000000000074,43.03000000000007,42.75000000000007,43.020000000000074,2737
2026-03-03T17:45:00+00:00,43.020000000000074,43.020000000000074,42.76000000000007,42.840000000000074,1667
2026-03-03T18:00:00+00:00,42.840000000000074,43.08000000000007,42.82000000000007,42.89000000000007,1873
2026-03-03T18:15:00+00:00,42.89000000000007,43.10000000000007,42.83000000000007,42.96000000000007,1637
2026-03-03T18:30:00+00:00,42.96000000000007,43.160000000000075,42.93000000000007,43.12000000000007,2261
2026-03-03T18:45:00+00:00,43.12000000000007,43.14000000000007,42.880000000000074,42.96000000000007,1994
2026-03-03T19:00:00+00:00,42.96000000000007,43.090000000000074,42.87000000000007,42.99000000000007,1773
2026-03-03T19:15:00+00:00,42.99000000000007,43.10000000000007,42.87000000000007,42.93000000000007,1971
2026-03-03T19:30:00+00:00,42.93000000000007,43.28000000000007,42.89000000000007,43.24000000000007,2581
2026-03-03T19:45:00+00:00,43.24000000000007,43.33000000000007,43.090000000000074,43.14000000000007,2478
2026-03-03T20:00:00+00:00,43.14000000000007,43.270000000000074,42.99000000000007,43.01000000000007,2326
2026-03-03T20:15:00+00:00,43.01000000000007,43.090000000000074,42.87000000000007,43.01000000000007,1730
2026-03-03T20:30:00+00:00,43.01000000000007,43.15000000000007,42.97000000000007,43.00000000000007,1212
2026-03-03T20:45:00+00:00,43.00000000000007,43.07000000000007,42.65000000000007,42.770000000000074,1080
2026-03-04T14:30:00+00:00,42.770000000000074,43.980000000000075,42.770000000000074,43.24000000000007,4582
2026-03-04T14:45:00+00:00,43.24000000000007,43.86000000000007,42.90000000000007,43.03000000000007,3605
2026-03-04T15:00:00+00:00,43.03000000000007,43.64000000000007,43.03000000000007,43.36000000000007,3289
2026-03-04T15:15:00+00:00,43.36000000000007,44.12000000000007,43.32000000000007,44.03000000000007,2648
2026-03-04T15:30:00+00:00,44.03000000000007,44.300000000000075,44.03000000000007,44.130000000000074,2464
2026-03-04T15:45:00+00:00,44.130000000000074,44.68000000000007,44.00000000000007,44.65000000000007,1953
2026-03-04T16:00:00+00:00,44.65000000000007,44.86000000000007,44.270000000000074,44.35000000000007,2283
2026-03-04T16:15:00+00:00,44.35000000000007,44.520000000000074,44.25000000000007,44.39000000000007,2778
2026-03-04T16:30:00+00:00,44.39000000000007,45.08000000000007,44.300000000000075,44.78000000000007,3556
2026-03-04T16:45:00+00:00,44.78000000000007,45.39000000000007,44.68000000000007,45.160000000000075,3136
2026-03-04T17:00:00+00:00,45.160000000000075,45.660000000000075,44.880000000000074,45.53000000000007,2765
2026-03-04T17:15:00+00:00,45.53000000000007,45.71000000000007,45.35000000000007,45.49000000000007,2810
2026-03-04T17:30:00+00:00,45.49000000000007,45.770000000000074,45.35000000000007,45.58000000000007,2402
2026-03-04T17:45:00+00:00,45.58000000000007,45.68000000000007,45.340000000000074,45.380000000000074,1353
2026-03-04T18:00:00+00:00,45.380000000000074,45.57000000000007,45.12000000000007,45.19000000000007,1830
2026-03-04T18:15:00+00:00,45.19000000000007,45.40000000000007,45.04000000000007,45.40000000000007,1853
2026-03-04T18:30:00+00:00,45.40000000000007,45.50000000000007,45.22000000000007,45.46000000000007,1302
2026-03-04T18:45:00+00:00,45.46000000000007,45.54000000000007,45.340000000000074,45.42000000000007,1105
2026-03-04T19:00:00+00:00,45.42000000000007,45.51000000000007,45.36000000000007,45.47000000000007,815
2026-03-04T19:15:00+00:00,45.47000000000007,45.550000000000075,45.410000000000075,45.49000000000007,773
2026-03-04T19:30:00+00:00,45.49000000000007,45.57000000000007,45.43000000000007,45.47000000000007,807
2026-03-04T19:45:00+00:00,45.47000000000007,45.64000000000007,45.46000000000007,45.57000000000007,544
2026-03-04T20:00:00+00:00,45.57000000000007,45.68000000000007,45.450000000000074,45.54000000000007,752
2026-03-04T20:15:00+00:00,45.54000000000007,45.58000000000007,45.380000000000074,45.39000000000007,1052
2026-03-04T20:30:00+00:00,45.39000000000007,45.44000000000007,45.24000000000007,45.44000000000007,1033
2026-03-04T20:45:00+00:00,45.44000000000007,45.44000000000007,45.12000000000007,45.21000000000007,1405
2026-03-05T14:30:00+00:00,45.21000000000007,45.50000000000007,44.340000000000074,45.08000000000007,3836
2026-03-05T14:45:00+00:00,45.08000000000007,45.71000000000007,45.03000000000007,45.700000000000074,3278
2026-03-05T15:00:00+00:00,45.700000000000074,46.130000000000074,45.60000000000007,45.87000000000007,3303
2026-03-05T15:15:00+00:00,45.87000000000007,46.03000000000007,45.54000000000007,45.660000000000075,3130
2026-03-05T15:30:00+00:00,45.660000000000075,45.68000000000007,45.21000000000007,45.44000000000007,2577
2026-03-05T15:45:00+00:00,45.44000000000007,45.730000000000075,45.26000000000007,45.550000000000075,2760
2026-03-05T16:00:00+00:00,45.550000000000075,45.630000000000074,45.25000000000007,45.39000000000007,2353
2026-03-05T16:15:00+00:00,45.39000000000007,45.660000000000075,45.28000000000007,45.32000000000007,2759
2026-03-05T16:30:00+00:00,45.32000000000007,45.67000000000007,45.32000000000007,45.51000000000007,2994
2026-03-05T16:45:00+00:00,45.51000000000007,45.770000000000074,45.51000000000007,45.65000000000007,2322
2026-03-05T17:00:00+00:00,45.65000000000007,45.910000000000075,45.51000000000007,45.64000000000007,2148
2026-03-05T17:15:00+00:00,45.64000000000007,45.65000000000007,45.32000000000007,45.39000000000007,2439
2026-03-05T17:30:00+00:00,45.39000000000007,45.450000000000074,44.700000000000074,44.72000000000007,2995
2026-03-05T17:45:00+00:00,44.72000000000007,44.75000000000007,44.380000000000074,44.53000000000007,3308
2026-03-05T18:00:00+00:00,44.53000000000007,44.92000000000007,44.50000000000007,44.86000000000007,3390
2026-03-05T18:15:00+00:00,44.86000000000007,44.950000000000074,44.60000000000007,44.770000000000074,2910
2026-03-05T18:30:00+00:00,44.770000000000074,45.090000000000074,44.62000000000007,45.04000000000007,2841
2026-03-05T18:45:00+00:00,45.04000000000007,45.050000000000075,44.770000000000074,44.89000000000007,2418
2026-03-05T19:00:00+00:00,44.89000000000007,45.130000000000074,44.840000000000074,45.11000000000007,2409
2026-03-05T19:15:00+00:00,45.11000000000007,45.19000000000007,44.86000000000007,44.94000000000007,2298
2026-03-05T19:30:00+00:00,44.94000000000007,45.020000000000074,44.76000000000007,44.94000000000007,2281
2026-03-05T19:45:00+00:00,44.94000000000007,45.01000000000007,44.75000000000007,44.92000000000007,2188
2026-03-05T20:00:00+00:00,44.92000000000007,45.19000000000007,44.82000000000007,45.01000000000007,3398
2026-03-05T20:15:00+00:00,45.01000000000007,45.270000000000074,44.92000000000007,45.06000000000007,2390
2026-03-05T20:30:00+00:00,45.06000000000007,45.37000000000007,45.04000000000007,45.29000000000007,2571
2026-03-05T20:45:00+00:00,45.29000000000007,45.630000000000074,45.28000000000007,45.60000000000007,1948
2026-03-06T14:30:00+00:00,45.60000000000007,45.60000000000007,43.72000000000007,43.980000000000075,5040
2026-03-06T14:45:00+00:00,43.980000000000075,44.54000000000007,43.81000000000007,44.300000000000075,3812
2026-03-06T15:00:00+00:00,44.300000000000075,44.67000000000007,44.22000000000007,44.54000000000007,5049
2026-03-06T15:15:00+00:00,44.54000000000007,44.550000000000075,44.12000000000007,44.24000000000007,3984
2026-03-06T15:30:00+00:00,44.24000000000007,44.67000000000007,44.200000000000074,44.46000000000007,3481
2026-03-06T15:45:00+00:00,44.46000000000007,44.49000000000007,44.14000000000007,44.32000000000007,3354
2026-03-06T16:00:00+00:00,44.32000000000007,44.56000000000007,44.29000000000007,44.410000000000075,3260
2026-03-06T16:15:00+00:00,44.410000000000075,44.590000000000074,44.28000000000007,44.50000000000007,2984
2026-03-06T16:30:00+00:00,44.50000000000007,44.62000000000007,44.29000000000007,44.57000000000007,3551
2026-03-06T16:45:00+00:00,44.57000000000007,44.83000000000007,44.56000000000007,44.62000000000007,2900
2026-03-06T17:00:00+00:00,44.62000000000007,44.79000000000007,44.47000000000007,44.520000000000074,2888
2026-03-06T17:15:00+00:00,44.520000000000074,44.58000000000007,44.31000000000007,44.36000000000007,2502
2026-03-06T17:30:00+00:00,44.36000000000007,44.56000000000007,44.28000000000007,44.35000000000007,2128
2026-03-06T17:45:00+00:00,44.35000000000007,44.53000000000007,44.24000000000007,44.25000000000007,2121
2026-03-06T18:00:00+00:00,44.25000000000007,44.62000000000007,44.200000000000074,44.62000000000007,2521
2026-03-06T18:15:00+00:00,44.62000000000007,44.62000000000007,44.39000000000007,44.450000000000074,2260
2026-03-06T18:30:00+00:00,44.450000000000074,44.550000000000075,44.37000000000007,44.410000000000075,2351
2026-03-06T18:45:00+00:00,44.410000000000075,44.44000000000007,44.21000000000007,44.22000000000007,1930
2026-03-06T19:00:00+00:00,44.22000000000007,44.36000000000007,44.01000000000007,44.33000000000007,1619
2026-03-06T19:15:00+00:00,44.33000000000007,44.33000000000007,44.06000000000007,44.21000000000007,2042
2026-03-06T19:30:00+00:00,44.21000000000007,44.24000000000007,43.950000000000074,44.01000000000007,1715
2026-03-06T19:45:00+00:00,44.01000000000007,44.050000000000075,43.93000000000007,43.94000000000007,1246
2026-03-06T20:00:00+00:00,43.94000000000007,44.130000000000074,43.51000000000007,43.56000000000007,2360
2026-03-06T20:15:00+00:00,43.56000000000007,43.56000000000007,43.050000000000075,43.07000000000007,2204
2026-03-06T20:30:00+00:00,43.07000000000007,43.33000000000007,42.92000000000007,43.29000000000007,3381
2026-03-06T20:45:00+00:00,43.29000000000007,43.43000000000007,42.96000000000007,43.07000000000007,2408
2026-03-09T13:30:00+00:00,43.07000000000007,43.07000000000007,41.300000000000075,42.50000000000007,4943
2026-03-09T13:45:00+00:00,42.50000000000007,43.090000000000074,42.340000000000074,42.99000000000007,4364
2026-03-09T14:00:00+00:00,42.99000000000007,43.24000000000007,42.49000000000007,42.68000000000007,4432
2026-03-09T14:15:00+00:00,42.68000000000007,42.950000000000074,42.54000000000007,42.910000000000075,4218
2026-03-09T14:30:00+00:00,42.910000000000075,43.19000000000007,42.840000000000074,43.19000000000007,3294
2026-03-09T14:45:00+00:00,43.19000000000007,43.24000000000007,42.840000000000074,43.03000000000007,3117
2026-03-09T15:00:00+00:00,43.03000000000007,43.550000000000075,42.980000000000075,43.43000000000007,2767
2026-03-09T15:15:00+00:00,43.43000000000007,43.64000000000007,43.28000000000007,43.54000000000007,2515
2026-03-09T15:30:00+00:00,43.54000000000007,43.630000000000074,43.39000000000007,43.40000000000007,2447
2026-03-09T15:45:00+00:00,43.40000000000007,43.87000000000007,43.37000000000007,43.78000000000007,1945
2026-03-09T16:00:00+00:00,43.78000000000007,43.950000000000074,43.730000000000075,43.82000000000007,1940
2026-03-09T16:15:00+00:00,43.82000000000007,44.01000000000007,43.57000000000007,43.93000000000007,1932
2026-03-09T16:30:00+00:00,43.93000000000007,44.14000000000007,43.87000000000007,44.10000000000007,1855
2026-03-09T16:45:00+00:00,44.10000000000007,44.18000000000007,43.97000000000007,44.11000000000007,1717
2026-03-09T17:00:00+00:00,44.11000000000007,44.15000000000007,43.92000000000007,43.96000000000007,1520
2026-03-09T17:15:00+00:00,43.96000000000007,44.020000000000074,43.730000000000075,43.880000000000074,1753
2026-03-09T17:30:00+00:00,43.880000000000074,43.97000000000007,43.75000000000007,43.90000000000007,1885
2026-03-09T17:45:00+00:00,43.90000000000007,44.03000000000007,43.85000000000007,43.880000000000074,1570
2026-03-09T18:00:00+00:00,43.880000000000074,44.11000000000007,43.840000000000074,44.07000000000007,1375
2026-03-09T18:15:00+00:00,44.07000000000007,44.25000000000007,44.07000000000007,44.090000000000074,1197
2026-03-09T18:30:00+00:00,44.090000000000074,44.33000000000007,44.04000000000007,44.32000000000007,889
2026-03-09T18:45:00+00:00,44.32000000000007,44.47000000000007,44.25000000000007,44.26000000000007,703
2026-03-09T19:00:00+00:00,44.26000000000007,44.54000000000007,44.25000000000007,44.340000000000074,1134
2026-03-09T19:15:00+00:00,44.340000000000074,45.24000000000007,44.19000000000007,45.200000000000074,3747
2026-03-09T19:30:00+00:00,45.200000000000074,45.40000000000007,45.01000000000007,45.10000000000007,4154
2026-03-09T19:45:00+00:00,45.10000000000007,45.24000000000007,44.97000000000007,45.21000000000007,2793
2026-03-10T13:30:00+00:00,45.21000000000007,46.85000000000007,45.06000000000007,46.82000000000007,4197
2026-03-10T13:45:00+00:00,46.82000000000007,46.83000000000007,45.92000000000007,46.00000000000007,3387
2026-03-10T14:00:00+00:00,46.00000000000007,46.08000000000007,45.65000000000007,45.75000000000007,4245
2026-03-10T14:15:00+00:00,45.75000000000007,46.28000000000007,45.67000000000007,46.050000000000075,4121
2026-03-10T14:30:00+00:00,46.050000000000075,46.60000000000007,46.04000000000007,46.50000000000007,2868
2026-03-10T14:45:00+00:00,46.50000000000007,47.10000000000007,46.450000000000074,46.950000000000074,2610
2026-03-10T15:00:00+00:00,46.950000000000074,46.97000000000007,46.660000000000075,46.82000000000007,2109
2026-03-10T15:15:00+00:00,46.82000000000007,47.31000000000007,46.81000000000007,47.050000000000075,2164
2026-03-10T15:30:00+00:00,47.050000000000075,47.33000000000007,47.020000000000074,47.31000000000007,2079
2026-03-10T15:45:00+00:00,47.31000000000007,47.520000000000074,47.24000000000007,47.340000000000074,2728
2026-03-10T16:00:00+00:00,47.340000000000074,47.37000000000007,46.93000000000007,47.14000000000007,2711
2026-03-10T16:15:00+00:00,47.14000000000007,47.17000000000007,46.950000000000074,46.96000000000007,2109
2026-03-10T16:30:00+00:00,46.96000000000007,47.050000000000075,46.81000000000007,47.04000000000007,1984
2026-03-10T16:45:00+00:00,47.04000000000007,47.07000000000007,46.82000000000007,47.04000000000007,1768
2026-03-10T17:00:00+00:00,47.04000000000007,47.21000000000007,46.980000000000075,47.06000000000007,1414
2026-03-10T17:15:00+00:00,47.06000000000007,47.270000000000074,47.04000000000007,47.18000000000007,1587
2026-03-10T17:30:00+00:00,47.18000000000007,47.230000000000075,46.910000000000075,47.020000000000074,3019
2026-03-10T17:45:00+00:00,47.020000000000074,47.17000000000007,46.97000000000007,47.050000000000075,1947
2026-03-10T18:00:00+00:00,47.050000000000075,47.18000000000007,46.700000000000074,46.71000000000007,2144
2026-03-10T18:15:00+00:00,46.71000000000007,46.86000000000007,46.40000000000007,46.57000000000007,5152
2026-03-10T18:30:00+00:00,46.57000000000007,46.76000000000007,46.47000000000007,46.58000000000007,4192
2026-03-10T18:45:00+00:00,46.58000000000007,46.81000000000007,46.49000000000007,46.49000000000007,3316
2026-03-10T19:00:00+00:00,46.49000000000007,46.58000000000007,46.380000000000074,46.49000000000007,2906
2026-03-10T19:15:00+00:00,46.49000000000007,46.67000000000007,46.300000000000075,46.37000000000007,2452
2026-03-10T19:30:00+00:00,46.37000000000007,46.57000000000007,46.22000000000007,46.50000000000007,3384
2026-03-10T19:45:00+00:00,46.50000000000007,46.520000000000074,46.230000000000075,46.43000000000007,1992
2026-03-11T13:30:00+00:00,46.43000000000007,47.58000000000007,46.21000000000007,47.33000000000007,3611
2026-03-11T13:45:00+00:00,47.33000000000007,47.73000000000007,47.09000000000007,47.72000000000007,2838
2026-03-11T14:00:00+00:00,47.72000000000007,48.380000000000074,47.72000000000007,48.35000000000007,3496
2026-03-11T14:15:00+00:00,48.35000000000007,48.380000000000074,47.89000000000007,47.91000000000007,3633
2026-03-11T14:30:00+00:00,47.91000000000007,48.03000000000007,47.55000000000007,48.02000000000007,2881
2026-03-11T14:45:00+00:00,48.02000000000007,48.11000000000007,47.83000000000007,47.92000000000007,2591
2026-03-11T15:00:00+00:00,47.92000000000007,48.200000000000074,47.73000000000007,48.00000000000007,2859
2026-03-11T15:15:00+00:00,48.00000000000007,48.02000000000007,47.76000000000007,47.82000000000007,2254
2026-03-11T15:30:00+00:00,47.82000000000007,47.91000000000007,47.56000000000007,47.57000000000007,2317
2026-03-11T15:45:00+00:00,47.57000000000007,47.85000000000007,47.55000000000007,47.72000000000007,2453
2026-03-11T16:00:00+00:00,47.72000000000007,47.81000000000007,47.41000000000007,47.50000000000007,2481
2026-03-11T16:15:00+00:00,47.50000000000007,47.58000000000007,47.37000000000007,47.55000000000007,2193
2026-03-11T16:30:00+00:00,47.55000000000007,47.81000000000007,47.52000000000007,47.57000000000007,1899
2026-03-11T16:45:00+00:00,47.57000000000007,47.78000000000007,47.450000000000074,47.59000000000007,1646
2026-03-11T17:00:00+00:00,47.59000000000007,47.72000000000007,47.57000000000007,47.630000000000074,1119
2026-03-11T17:15:00+00:00,47.630000000000074,47.68000000000007,47.50000000000007,47.62000000000007,1352
2026-03-11T17:30:00+00:00,47.62000000000007,47.65000000000007,47.16000000000007,47.40000000000007,2490
2026-03-11T17:45:00+00:00,47.40000000000007,47.60000000000007,47.34000000000007,47.48000000000007,2039
2026-03-11T18:00:00+00:00,47.48000000000007,47.51000000000007,47.30000000000007,47.32000000000007,1184
2026-03-11T18:15:00+00:00,47.32000000000007,47.50000000000007,47.26000000000007,47.46000000000007,1406
2026-03-11T18:30:00+00:00,47.46000000000007,47.630000000000074,47.43000000000007,47.53000000000007,1142
2026-03-11T18:45:00+00:00,47.53000000000007,47.53000000000007,47.25000000000007,47.28000000000007,1369
2026-03-11T19:00:00+00:00,47.28000000000007,47.32000000000007,47.09000000000007,47.11000000000007,1058
2026-03-11T19:15:00+00:00,47.11000000000007,47.33000000000007,46.97000000000007,47.23000000000007,1242
2026-03-11T19:30:00+00:00,47.23000000000007,47.57000000000007,47.19000000000007,47.55000000000007,1011
2026-03-11T19:45:00+00:00,47.55000000000007,47.61000000000007,47.39000000000007,47.50000000000007,1258
2026-03-12T13:30:00+00:00,47.50000000000007,47.50000000000007,46.130000000000074,46.44000000000007,3850
2026-03-12T13:45:00+00:00,46.44000000000007,46.44000000000007,45.630000000000074,45.66000000000007,3090
2026-03-12T14:00:00+00:00,45.66000000000007,46.30000000000007,45.66000000000007,46.06000000000007,4616
2026-03-12T14:15:00+00:00,46.06000000000007,46.12000000000007,45.54000000000007,45.54000000000007,3110
2026-03-12T14:30:00+00:00,45.54000000000007,45.69000000000007,45.41000000000007,45.57000000000007,3906
2026-03-12T14:45:00+00:00,45.57000000000007,45.85000000000007,45.36000000000007,45.51000000000007,4313
2026-03-12T15:00:00+00:00,45.51000000000007,45.54000000000007,45.24000000000007,45.33000000000007,3463
2026-03-12T15:15:00+00:00,45.33000000000007,45.43000000000007,45.11000000000007,45.37000000000007,2610
2026-03-12T15:30:00+00:00,45.37000000000007,45.57000000000007,45.12000000000007,45.52000000000007,3616
2026-03-12T15:45:00+00:00,45.52000000000007,45.64000000000007,45.24000000000007,45.53000000000007,3874
2026-03-12T16:00:00+00:00,45.53000000000007,45.74000000000007,45.11000000000007,45.32000000000007,3309
2026-03-12T16:15:00+00:00,45.32000000000007,45.54000000000007,45.08000000000007,45.130000000000074,3232
2026-03-12T16:30:00+00:00,45.130000000000074,45.41000000000007,45.09000000000007,45.32000000000007,3456
2026-03-12T16:45:00+00:00,45.32000000000007,45.34000000000007,45.130000000000074,45.200000000000074,2821
2026-03-12T17:00:00+00:00,45.200000000000074,45.34000000000007,45.12000000000007,45.19000000000007,1968
2026-03-12T17:15:00+00:00,45.19000000000007,45.25000000000007,45.05000000000007,45.14000000000007,1842
2026-03-12T17:30:00+00:00,45.14000000000007,45.31000000000007,45.08000000000007,45.16000000000007,1993
2026-03-12T17:45:00+00:00,45.16000000000007,45.17000000000007,44.81000000000007,44.92000000000007,1905
2026-03-12T18:00:00+00:00,44.92000000000007,45.16000000000007,44.90000000000007,45.11000000000007,1736
2026-03-12T18:15:00+00:00,45.11000000000007,45.17000000000007,44.98000000000007,45.06000000000007,1551
2026-03-12T18:30:00+00:00,45.06000000000007,45.12000000000007,44.89000000000007,44.92000000000007,1204
2026-03-12T18:45:00+00:00,44.92000000000007,45.05000000000007,44.89000000000007,44.950000000000074,1378
2026-03-12T19:00:00+00:00,44.950000000000074,45.06000000000007,44.73000000000007,44.79000000000007,1825
2026-03-12T19:15:00+00:00,44.79000000000007,44.99000000000007,44.76000000000007,44.97000000000007,1092
2026-03-12T19:30:00+00:00,44.97000000000007,45.10000000000007,44.75000000000007,44.93000000000007,1569
2026-03-12T19:45:00+00:00,44.93000000000007,44.94000000000007,44.71000000000007,44.79000000000007,1175
2026-03-13T13:30:00+00:00,44.79000000000007,46.18000000000007,44.79000000000007,45.87000000000007,4273
2026-03-13T13:45:00+00:00,45.87000000000007,46.11000000000007,45.60000000000007,45.630000000000074,3126
2026-03-13T14:00:00+00:00,45.630000000000074,45.90000000000007,45.44000000000007,45.81000000000007,3746
2026-03-13T14:15:00+00:00,45.81000000000007,45.90000000000007,45.58000000000007,45.66000000000007,3623
2026-03-13T14:30:00+00:00,45.66000000000007,45.85000000000007,45.39000000000007,45.41000000000007,3326
2026-03-13T14:45:00+00:00,45.41000000000007,45.56000000000007,45.09000000000007,45.17000000000007,3588
2026-03-13T15:00:00+00:00,45.17000000000007,45.68000000000007,45.09000000000007,45.630000000000074,3532
2026-03-13T15:15:00+00:00,45.630000000000074,45.72000000000007,45.39000000000007,45.450000000000074,2716
2026-03-13T15:30:00+00:00,45.450000000000074,45.68000000000007,45.15000000000007,45.21000000000007,2903
2026-03-13T15:45:00+00:00,45.21000000000007,45.47000000000007,45.09000000000007,45.32000000000007,3548
2026-03-13T16:00:00+00:00,45.32000000000007,45.55000000000007,45.26000000000007,45.40000000000007,2774
2026-03-13T16:15:00+00:00,45.40000000000007,45.43000000000007,45.11000000000007,45.17000000000007,2109
2026-03-13T16:30:00+00:00,45.17000000000007,45.31000000000007,45.130000000000074,45.200000000000074,2854
2026-03-13T16:45:00+00:00,45.200000000000074,45.35000000000007,45.05000000000007,45.09000000000007,2315
2026-03-13T17:00:00+00:00,45.09000000000007,45.23000000000007,45.05000000000007,45.17000000000007,1845
2026-03-13T17:15:00+00:00,45.17000000000007,45.24000000000007,44.94000000000007,45.14000000000007,2107
2026-03-13T17:30:00+00:00,45.14000000000007,45.26000000000007,45.01000000000007,45.19000000000007,1961
2026-03-13T17:45:00+00:00,45.19000000000007,45.27000000000007,44.950000000000074,44.97000000000007,2209
2026-03-13T18:00:00+00:00,44.97000000000007,45.10000000000007,44.93000000000007,45.09000000000007,1630
2026-03-13T18:15:00+00:00,45.09000000000007,45.17000000000007,44.93000000000007,45.05000000000007,1658
2026-03-13T18:30:00+00:00,45.05000000000007,45.39000000000007,45.01000000000007,45.36000000000007,1330
2026-03-13T18:45:00+00:00,45.36000000000007,45.53000000000007,45.25000000000007,45.31000000000007,1582
2026-03-13T19:00:00+00:00,45.31000000000007,45.44000000000007,45.14000000000007,45.35000000000007,1535
2026-03-13T19:15:00+00:00,45.35000000000007,45.53000000000007,45.26000000000007,45.28000000000007,1455
2026-03-13T19:30:00+00:00,45.28000000000007,45.42000000000007,45.200000000000074,45.37000000000007,1226
2026-03-13T19:45:00+00:00,45.37000000000007,45.380000000000074,45.16000000000007,45.32000000000007,1262
2026-03-16T13:30:00+00:00,45.32000000000007,48.68000000000007,45.32000000000007,47.96000000000007,4536
2026-03-16T13:45:00+00:00,47.96000000000007,48.08000000000007,47.21000000000007,47.55000000000007,2945
2026-03-16T14:00:00+00:00,47.55000000000007,47.59000000000007,47.19000000000007,47.36000000000007,4000
2026-03-16T14:15:00+00:00,47.36000000000007,47.51000000000007,47.23000000000007,47.25000000000007,3338
2026-03-16T14:30:00+00:00,47.25000000000007,47.39000000000007,47.05000000000007,47.16000000000007,3768
2026-03-16T14:45:00+00:00,47.16000000000007,47.51000000000007,47.09000000000007,47.40000000000007,3463
2026-03-16T15:00:00+00:00,47.40000000000007,47.880000000000074,47.35000000000007,47.85000000000007,2941
2026-03-16T15:15:00+00:00,47.85000000000007,48.10000000000007,47.77000000000007,47.94000000000007,2734
2026-03-16T15:30:00+00:00,47.94000000000007,48.10000000000007,47.80000000000007,48.04000000000007,2315
2026-03-16T15:45:00+00:00,48.04000000000007,48.18000000000007,47.72000000000007,47.76000000000007,2845
2026-03-16T16:00:00+00:00,47.76000000000007,47.82000000000007,47.41000000000007,47.49000000000007,3185
2026-03-16T16:15:00+00:00,47.49000000000007,47.58000000000007,47.34000000000007,47.34000000000007,2529
2026-03-16T16:30:00+00:00,47.34000000000007,47.53000000000007,47.34000000000007,47.44000000000007,1991
2026-03-16T16:45:00+00:00,47.44000000000007,47.46000000000007,47.26000000000007,47.40000000000007,1665
2026-03-16T17:00:00+00:00,47.40000000000007,47.51000000000007,47.32000000000007,47.50000000000007,2184
2026-03-16T17:15:00+00:00,47.50000000000007,47.79000000000007,47.450000000000074,47.61000000000007,1303
2026-03-16T17:30:00+00:00,47.61000000000007,47.74000000000007,47.55000000000007,47.62000000000007,1694
2026-03-16T17:45:00+00:00,47.62000000000007,47.79000000000007,47.61000000000007,47.72000000000007,1309
2026-03-16T18:00:00+00:00,47.72000000000007,47.79000000000007,47.37000000000007,47.46000000000007,1897
2026-03-16T18:15:00+00:00,47.46000000000007,47.82000000000007,46.99000000000007,47.24000000000007,3580
2026-03-16T18:30:00+00:00,47.24000000000007,47.27000000000007,46.42000000000007,46.79000000000007,3288
2026-03-16T18:45:00+00:00,46.79000000000007,46.90000000000007,46.68000000000007,46.72000000000007,1895
2026-03-16T19:00:00+00:00,46.72000000000007,46.75000000000007,45.99000000000007,46.06000000000007,3700
2026-03-16T19:15:00+00:00,46.06000000000007,46.31000000000007,45.82000000000007,45.98000000000007,3390
2026-03-16T19:30:00+00:00,45.98000000000007,46.01000000000007,45.58000000000007,45.630000000000074,2665
2026-03-16T19:45:00+00:00,45.630000000000074,45.630000000000074,45.23000000000007,45.26000000000007,2036
2026-03-17T13:30:00+00:00,45.26000000000007,45.62000000000007,43.99000000000007,44.18000000000007,4169
2026-03-17T13:45:00+00:00,44.18000000000007,44.87000000000007,44.15000000000007,44.79000000000007,2613
2026-03-17T14:00:00+00:00,44.79000000000007,44.89000000000007,44.450000000000074,44.64000000000007,3530
2026-03-17T14:15:00+00:00,44.64000000000007,44.94000000000007,44.59000000000007,44.71000000000007,3705
2026-03-17T14:30:00+00:00,44.71000000000007,44.75000000000007,44.46000000000007,44.58000000000007,2707
2026-03-17T14:45:00+00:00,44.58000000000007,44.71000000000007,44.54000000000007,44.65000000000007,1664
2026-03-17T15:00:00+00:00,44.65000000000007,44.71000000000007,44.21000000000007,44.25000000000007,1773
2026-03-17T15:15:00+00:00,44.25000000000007,44.39000000000007,43.96000000000007,44.00000000000007,1804
2026-03-17T15:30:00+00:00,44.00000000000007,44.09000000000007,43.62000000000007,43.72000000000007,1973
2026-03-17T15:45:00+00:00,43.72000000000007,43.78000000000007,43.57000000000007,43.61000000000007,1727
2026-03-17T16:00:00+00:00,43.61000000000007,43.700000000000074,43.450000000000074,43.59000000000007,1921
2026-03-17T16:15:00+00:00,43.59000000000007,44.00000000000007,43.58000000000007,43.92000000000007,2176
2026-03-17T16:30:00+00:00,43.92000000000007,43.97000000000007,43.76000000000007,43.91000000000007,1798
2026-03-17T16:45:00+00:00,43.91000000000007,43.950000000000074,43.76000000000007,43.79000000000007,951
2026-03-17T17:00:00+00:00,43.79000000000007,43.91000000000007,43.72000000000007,43.75000000000007,878
2026-03-17T17:15:00+00:00,43.75000000000007,43.85000000000007,43.66000000000007,43.78000000000007,1004
2026-03-17T17:30:00+00:00,43.78000000000007,43.880000000000074,43.700000000000074,43.72000000000007,663
2026-03-17T17:45:00+00:00,43.72000000000007,43.87000000000007,43.66000000000007,43.76000000000007,763
2026-03-17T18:00:00+00:00,43.76000000000007,43.94000000000007,43.700000000000074,43.90000000000007,784
2026-03-17T18:15:00+00:00,43.90000000000007,43.99000000000007,43.80000000000007,43.85000000000007,797
2026-03-17T18:30:00+00:00,43.85000000000007,43.90000000000007,43.62000000000007,43.64000000000007,695
2026-03-17T18:45:00+00:00,43.64000000000007,43.74000000000007,43.60000000000007,43.630000000000074,356
2026-03-17T19:00:00+00:00,43.630000000000074,43.66000000000007,43.49000000000007,43.53000000000007,388
2026-03-17T19:15:00+00:00,43.53000000000007,43.73000000000007,43.49000000000007,43.67000000000007,460
2026-03-17T19:30:00+00:00,43.67000000000007,43.71000000000007,43.51000000000007,43.55000000000007,356
2026-03-17T19:45:00+00:00,43.55000000000007,43.700000000000074,43.54000000000007,43.60000000000007,513
2026-03-18T13:30:00+00:00,43.60000000000007,44.47000000000007,43.60000000000007,44.200000000000074,3826
2026-03-18T13:45:00+00:00,44.200000000000074,44.34000000000007,43.94000000000007,44.200000000000074,2933
2026-03-18T14:00:00+00:00,44.200000000000074,44.24000000000007,43.59000000000007,43.61000000000007,2453
2026-03-18T14:15:00+00:00,43.61000000000007,43.96000000000007,43.60000000000007,43.92000000000007,2314
2026-03-18T14:30:00+00:00,43.92000000000007,44.06000000000007,43.82000000000007,43.86000000000007,1986
2026-03-18T14:45:00+00:00,43.86000000000007,44.19000000000007,43.84000000000007,44.19000000000007,1268
2026-03-18T15:00:00+00:00,44.19000000000007,44.34000000000007,44.02000000000007,44.15000000000007,2078
2026-03-18T15:15:00+00:00,44.15000000000007,44.18000000000007,43.91000000000007,43.97000000000007,1475
2026-03-18T15:30:00+00:00,43.97000000000007,44.380000000000074,43.94000000000007,44.37000000000007,1458
2026-03-18T15:45:00+00:00,44.37000000000007,44.50000000000007,44.34000000000007,44.48000000000007,1428
2026-03-18T16:00:00+00:00,44.48000000000007,44.54000000000007,44.37000000000007,44.52000000000007,1598
2026-03-18T16:15:00+00:00,44.52000000000007,44.72000000000007,44.44000000000007,44.65000000000007,1689
2026-03-18T16:30:00+00:00,44.65000000000007,44.71000000000007,44.46000000000007,44.58000000000007,1578
2026-03-18T16:45:00+00:00,44.58000000000007,44.630000000000074,44.48000000000007,44.51000000000007,958
2026-03-18T17:00:00+00:00,44.51000000000007,44.65000000000007,44.47000000000007,44.53000000000007,1078
2026-03-18T17:15:00+00:00,44.53000000000007,44.65000000000007,44.51000000000007,44.62000000000007,754
2026-03-18T17:30:00+00:00,44.62000000000007,44.700000000000074,44.55000000000007,44.62000000000007,647
2026-03-18T17:45:00+00:00,44.62000000000007,44.72000000000007,44.54000000000007,44.61000000000007,643
2026-03-18T18:00:00+00:00,44.61000000000007,45.00000000000007,44.59000000000007,44.99000000000007,1384
2026-03-18T18:15:00+00:00,44.99000000000007,45.03000000000007,44.83000000000007,44.98000000000007,1605
2026-03-18T18:30:00+00:00,44.98000000000007,45.26000000000007,44.950000000000074,45.04000000000007,2397
2026-03-18T18:45:00+00:00,45.04000000000007,45.11000000000007,44.75000000000007,44.87000000000007,2156
2026-03-18T19:00:00+00:00,44.87000000000007,45.08000000000007,44.79000000000007,44.90000000000007,2419
2026-03-18T19:15:00+00:00,44.90000000000007,45.02000000000007,44.630000000000074,44.71000000000007,2006
2026-03-18T19:30:00+00:00,44.71000000000007,44.86000000000007,44.68000000000007,44.75000000000007,1546
2026-03-18T19:45:00+00:00,44.75000000000007,44.87000000000007,44.54000000000007,44.57000000000007,1779
2026-03-19T13:30:00+00:00,44.57000000000007,44.57000000000007,43.19000000000007,43.82000000000007,4601
2026-03-19T13:45:00+00:00,43.82000000000007,44.79000000000007,43.78000000000007,44.62000000000007,3289
2026-03-19T14:00:00+00:00,44.62000000000007,45.23000000000007,44.54000000000007,45.11000000000007,3576
2026-03-19T14:15:00+00:00,45.11000000000007,45.37000000000007,44.96000000000007,45.05000000000007,3325
2026-03-19T14:30:00+00:00,45.05000000000007,45.49000000000007,45.01000000000007,45.15000000000007,2763
2026-03-19T14:45:00+00:00,45.15000000000007,45.33000000000007,45.04000000000007,45.19000000000007,3073
2026-03-19T15:00:00+00:00,45.19000000000007,45.44000000000007,45.03000000000007,45.27000000000007,2741
2026-03-19T15:15:00+00:00,45.27000000000007,45.34000000000007,45.00000000000007,45.06000000000007,2677
2026-03-19T15:30:00+00:00,45.06000000000007,45.08000000000007,44.65000000000007,44.86000000000007,2870
2026-03-19T15:45:00+00:00,44.86000000000007,45.14000000000007,44.78000000000007,45.01000000000007,3172
2026-03-19T16:00:00+00:00,45.01000000000007,45.26000000000007,44.950000000000074,45.14000000000007,3117
2026-03-19T16:15:00+00:00,45.14000000000007,45.15000000000007,44.91000000000007,45.06000000000007,1980
2026-03-19T16:30:00+00:00,45.06000000000007,45.22000000000007,44.90000000000007,45.200000000000074,2497
2026-03-19T16:45:00+00:00,45.200000000000074,45.23000000000007,44.99000000000007,45.11000000000007,1932
2026-03-19T17:00:00+00:00,45.11000000000007,45.15000000000007,44.76000000000007,44.79000000000007,1605
2026-03-19T17:15:00+00:00,44.79000000000007,45.06000000000007,44.75000000000007,45.04000000000007,1288
2026-03-19T17:30:00+00:00,45.04000000000007,45.12000000000007,44.91000000000007,45.00000000000007,1511
2026-03-19T17:45:00+00:00,45.00000000000007,45.23000000000007,44.99000000000007,45.19000000000007,1216
2026-03-19T18:00:00+00:00,45.19000000000007,45.36000000000007,45.08000000000007,45.36000000000007,1302
2026-03-19T18:15:00+00:00,45.36000000000007,45.54000000000007,45.26000000000007,45.42000000000007,1171
2026-03-19T18:30:00+00:00,45.42000000000007,45.47000000000007,45.29000000000007,45.35000000000007,1226
2026-03-19T18:45:00+00:00,45.35000000000007,45.49000000000007,45.29000000000007,45.43000000000007,1788
2026-03-19T19:00:00+00:00,45.43000000000007,45.99000000000007,45.39000000000007,45.87000000000007,4694
2026-03-19T19:15:00+00:00,45.87000000000007,45.94000000000007,45.54000000000007,45.66000000000007,4276
2026-03-19T19:30:00+00:00,45.66000000000007,45.72000000000007,45.51000000000007,45.61000000000007,2955
2026-03-19T19:45:00+00:00,45.61000000000007,45.77000000000007,45.46000000000007,45.75000000000007,1988
2026-03-20T13:30:00+00:00,45.75000000000007,47.07000000000007,45.75000000000007,46.50000000000007,4470
2026-03-20T13:45:00+00:00,46.50000000000007,46.62000000000007,45.22000000000007,45.22000000000007,3291
2026-03-20T14:00:00+00:00,45.22000000000007,45.33000000000007,44.66000000000007,44.71000000000007,4573
2026-03-20T14:15:00+00:00,44.71000000000007,44.85000000000007,44.35000000000007,44.50000000000007,4511
2026-03-20T14:30:00+00:00,44.50000000000007,45.41000000000007,44.50000000000007,45.29000000000007,4118
2026-03-20T14:45:00+00:00,45.29000000000007,45.380000000000074,44.700000000000074,44.73000000000007,3477
2026-03-20T15:00:00+00:00,44.73000000000007,44.99000000000007,44.50000000000007,44.90000000000007,3197
2026-03-20T15:15:00+00:00,44.90000000000007,45.04000000000007,44.64000000000007,44.83000000000007,3243
2026-03-20T15:30:00+00:00,44.83000000000007,45.19000000000007,44.81000000000007,45.01000000000007,2792
2026-03-20T15:45:00+00:00,45.01000000000007,45.07000000000007,44.87000000000007,44.99000000000007,2350
2026-03-20T16:00:00+00:00,44.99000000000007,45.16000000000007,44.92000000000007,45.10000000000007,2078
2026-03-20T16:15:00+00:00,45.10000000000007,45.11000000000007,44.67000000000007,44.73000000000007,2197
2026-03-20T16:30:00+00:00,44.73000000000007,44.75000000000007,44.40000000000007,44.40000000000007,2181
2026-03-20T16:45:00+00:00,44.40000000000007,44.43000000000007,44.09000000000007,44.23000000000007,1693
2026-03-20T17:00:00+00:00,44.23000000000007,44.380000000000074,44.14000000000007,44.26000000000007,2550
2026-03-20T17:15:00+00:00,44.26000000000007,44.28000000000007,44.04000000000007,44.10000000000007,1626
2026-03-20T17:30:00+00:00,44.10000000000007,44.130000000000074,43.83000000000007,43.87000000000007,1506
2026-03-20T17:45:00+00:00,43.87000000000007,44.01000000000007,43.76000000000007,43.93000000000007,1913
2026-03-20T18:00:00+00:00,43.93000000000007,44.01000000000007,43.86000000000007,43.950000000000074,1507
2026-03-20T18:15:00+00:00,43.950000000000074,44.00000000000007,43.60000000000007,43.700000000000074,2264
2026-03-20T18:30:00+00:00,43.700000000000074,43.71000000000007,43.50000000000007,43.54000000000007,2038
2026-03-20T18:45:00+00:00,43.54000000000007,43.60000000000007,43.28000000000007,43.37000000000007,1789
2026-03-20T19:00:00+00:00,43.37000000000007,43.46000000000007,43.23000000000007,43.46000000000007,1819
2026-03-20T19:15:00+00:00,43.46000000000007,43.53000000000007,43.28000000000007,43.32000000000007,2216
2026-03-20T19:30:00+00:00,43.32000000000007,43.55000000000007,43.18000000000007,43.55000000000007,2509
2026-03-20T19:45:00+00:00,43.55000000000007,43.71000000000007,43.40000000000007,43.43000000000007,2966
2026-03-23T13:30:00+00:00,43.43000000000007,44.58000000000007,43.43000000000007,44.32000000000007,4371
2026-03-23T13:45:00+00:00,44.32000000000007,44.74000000000007,44.28000000000007,44.59000000000007,3145
2026-03-23T14:00:00+00:00,44.59000000000007,44.74000000000007,44.04000000000007,44.44000000000007,3410
2026-03-23T14:15:00+00:00,44.44000000000007,45.01000000000007,44.40000000000007,44.85000000000007,2530
2026-03-23T14:30:00+00:00,44.85000000000007,44.94000000000007,44.74000000000007,44.80000000000007,3377
2026-03-23T14:45:00+00:00,44.80000000000007,44.90000000000007,44.31000000000007,44.50000000000007,3540
2026-03-23T15:00:00+00:00,44.50000000000007,44.80000000000007,44.44000000000007,44.50000000000007,2719
2026-03-23T15:15:00+00:00,44.50000000000007,44.51000000000007,44.09000000000007,44.17000000000007,2515
2026-03-23T15:30:00+00:00,44.17000000000007,44.37000000000007,43.92000000000007,44.03000000000007,2756
2026-03-23T15:45:00+00:00,44.03000000000007,44.04000000000007,43.32000000000007,43.42000000000007,3563
2026-03-23T16:00:00+00:00,43.42000000000007,43.84000000000007,43.40000000000007,43.82000000000007,3940
2026-03-23T16:15:00+00:00,43.82000000000007,43.85000000000007,43.28000000000007,43.31000000000007,3492
2026-03-23T16:30:00+00:00,43.31000000000007,43.55000000000007,43.29000000000007,43.46000000000007,3020
2026-03-23T16:45:00+00:00,43.46000000000007,43.62000000000007,43.39000000000007,43.57000000000007,2811
2026-03-23T17:00:00+00:00,43.57000000000007,43.66000000000007,43.43000000000007,43.52000000000007,2404
2026-03-23T17:15:00+00:00,43.52000000000007,43.66000000000007,43.32000000000007,43.48000000000007,2573
2026-03-23T17:30:00+00:00,43.48000000000007,43.78000000000007,43.450000000000074,43.62000000000007,2470
2026-03-23T17:45:00+00:00,43.62000000000007,43.80000000000007,43.46000000000007,43.76000000000007,1552
2026-03-23T18:00:00+00:00,43.76000000000007,43.82000000000007,43.55000000000007,43.73000000000007,2130
2026-03-23T18:15:00+00:00,43.73000000000007,43.81000000000007,43.630000000000074,43.72000000000007,1824
2026-03-23T18:30:00+00:00,43.72000000000007,43.97000000000007,43.700000000000074,43.83000000000007,2187
2026-03-23T18:45:00+00:00,43.83000000000007,43.99000000000007,43.79000000000007,43.98000000000007,1205
2026-03-23T19:00:00+00:00,43.98000000000007,43.99000000000007,43.74000000000007,43.90000000000007,1533
2026-03-23T19:15:00+00:00,43.90000000000007,43.92000000000007,43.76000000000007,43.82000000000007,889
2026-03-23T19:30:00+00:00,43.82000000000007,43.87000000000007,43.71000000000007,43.82000000000007,710
2026-03-23T19:45:00+00:00,43.82000000000007,43.880000000000074,43.54000000000007,43.54000000000007,1178
2026-03-24T13:30:00+00:00,43.54000000000007,43.54000000000007,42.72000000000007,43.17000000000007,3354
2026-03-24T13:45:00+00:00,43.17000000000007,43.34000000000007,42.91000000000007,43.200000000000074,2426
2026-03-24T14:00:00+00:00,43.200000000000074,43.67000000000007,43.15000000000007,43.36000000000007,3478
2026-03-24T14:15:00+00:00,43.36000000000007,43.39000000000007,42.87000000000007,43.130000000000074,3408
2026-03-24T14:30:00+00:00,43.130000000000074,43.48000000000007,43.10000000000007,43.23000000000007,3135
2026-03-24T14:45:00+00:00,43.23000000000007,43.44000000000007,43.04000000000007,43.22000000000007,4562
2026-03-24T15:00:00+00:00,43.22000000000007,43.51000000000007,43.18000000000007,43.42000000000007,3680
2026-03-24T15:15:00+00:00,43.42000000000007,43.73000000000007,43.37000000000007,43.54000000000007,2196
2026-03-24T15:30:00+00:00,43.54000000000007,43.58000000000007,43.10000000000007,43.35000000000007,2046
2026-03-24T15:45:00+00:00,43.35000000000007,43.73000000000007,43.29000000000007,43.40000000000007,2093
2026-03-24T16:00:00+00:00,43.40000000000007,43.55000000000007,43.30000000000007,43.34000000000007,2521
2026-03-24T16:15:00+00:00,43.34000000000007,43.49000000000007,43.200000000000074,43.30000000000007,1682
2026-03-24T16:30:00+00:00,43.30000000000007,43.41000000000007,43.17000000000007,43.35000000000007,1936
2026-03-24T16:45:00+00:00,43.35000000000007,43.43000000000007,42.86000000000007,43.08000000000007,2313
2026-03-24T17:00:00+00:00,43.08000000000007,43.26000000000007,42.85000000000007,42.91000000000007,3192
2026-03-24T17:15:00+00:00,42.91000000000007,43.04000000000007,42.78000000000007,42.97000000000007,2107
2026-03-24T17:30:00+00:00,42.97000000000007,43.09000000000007,42.85000000000007,42.93000000000007,1786
2026-03-24T17:45:00+00:00,42.93000000000007,43.17000000000007,42.87000000000007,43.130000000000074,2532
2026-03-24T18:00:00+00:00,43.130000000000074,43.39000000000007,43.05000000000007,43.30000000000007,1889
2026-03-24T18:15:00+00:00,43.30000000000007,43.48000000000007,43.19000000000007,43.41000000000007,1693
2026-03-24T18:30:00+00:00,43.41000000000007,43.73000000000007,43.380000000000074,43.59000000000007,1884
2026-03-24T18:45:00+00:00,43.59000000000007,43.69000000000007,43.48000000000007,43.54000000000007,1481
2026-03-24T19:00:00+00:00,43.54000000000007,43.81000000000007,43.51000000000007,43.74000000000007,1355
2026-03-24T19:15:00+00:00,43.74000000000007,43.86000000000007,43.67000000000007,43.71000000000007,1135
2026-03-24T19:30:00+00:00,43.71000000000007,43.79000000000007,43.630000000000074,43.73000000000007,1031
2026-03-24T19:45:00+00:00,43.73000000000007,43.73000000000007,43.52000000000007,43.64000000000007,868
2026-03-25T13:30:00+00:00,43.64000000000007,46.130000000000074,43.64000000000007,45.61000000000007,3438
2026-03-25T13:45:00+00:00,45.61000000000007,45.71000000000007,44.99000000000007,45.26000000000007,2776
2026-03-25T14:00:00+00:00,45.26000000000007,46.05000000000007,45.02000000000007,46.03000000000007,3638
2026-03-25T14:15:00+00:00,46.03000000000007,46.83000000000007,45.89000000000007,46.55000000000007,4053
2026-03-25T14:30:00+00:00,46.55000000000007,46.98000000000007,46.380000000000074,46.950000000000074,3298
2026-03-25T14:45:00+00:00,46.950000000000074,47.12000000000007,46.90000000000007,47.01000000000007,3016
2026-03-25T15:00:00+00:00,47.01000000000007,47.10000000000007,46.74000000000007,46.87000000000007,3301
2026-03-25T15:15:00+00:00,46.87000000000007,47.27000000000007,46.50000000000007,47.25000000000007,4207
2026-03-25T15:30:00+00:00,47.25000000000007,47.27000000000007,46.60000000000007,46.72000000000007,2688
2026-03-25T15:45:00+00:00,46.72000000000007,46.880000000000074,46.68000000000007,46.82000000000007,2482
2026-03-25T16:00:00+00:00,46.82000000000007,46.89000000000007,46.68000000000007,46.80000000000007,2496
2026-03-25T16:15:00+00:00,46.80000000000007,47.29000000000007,46.74000000000007,47.130000000000074,2322
2026-03-25T16:30:00+00:00,47.130000000000074,47.37000000000007,47.04000000000007,47.33000000000007,1718
2026-03-25T16:45:00+00:00,47.33000000000007,47.39000000000007,46.94000000000007,47.16000000000007,1892
2026-03-25T17:00:00+00:00,47.16000000000007,47.29000000000007,47.02000000000007,47.08000000000007,1998
2026-03-25T17:15:00+00:00,47.08000000000007,47.22000000000007,46.97000000000007,47.09000000000007,1663
2026-03-25T17:30:00+00:00,47.09000000000007,47.28000000000007,46.98000000000007,47.22000000000007,1546
2026-03-25T17:45:00+00:00,47.22000000000007,47.30000000000007,46.84000000000007,46.93000000000007,2271
2026-03-25T18:00:00+00:00,46.93000000000007,46.98000000000007,46.82000000000007,46.90000000000007,1392
2026-03-25T18:15:00+00:00,46.90000000000007,47.08000000000007,46.86000000000007,46.93000000000007,1115
2026-03-25T18:30:00+00:00,46.93000000000007,46.98000000000007,46.75000000000007,46.80000000000007,752
2026-03-25T18:45:00+00:00,46.80000000000007,46.93000000000007,46.57000000000007,46.61000000000007,1517
2026-03-25T19:00:00+00:00,46.61000000000007,46.65000000000007,46.48000000000007,46.630000000000074,1722
2026-03-25T19:15:00+00:00,46.630000000000074,46.77000000000007,46.55000000000007,46.69000000000007,1586
2026-03-25T19:30:00+00:00,46.69000000000007,46.80000000000007,46.62000000000007,46.68000000000007,1416
2026-03-25T19:45:00+00:00,46.68000000000007,46.78000000000007,46.62000000000007,46.73000000000007,1041
2026-03-26T13:30:00+00:00,46.73000000000007,46.73000000000007,45.07000000000007,45.37000000000007,3202
2026-03-26T13:45:00+00:00,45.37000000000007,45.46000000000007,44.76000000000007,44.93000000000007,2990
2026-03-26T14:00:00+00:00,44.93000000000007,45.35000000000007,44.81000000000007,45.32000000000007,3715
2026-03-26T14:15:00+00:00,45.32000000000007,45.59000000000007,44.97000000000007,45.01000000000007,2491
2026-03-26T14:30:00+00:00,45.01000000000007,45.27000000000007,44.66000000000007,44.69000000000007,3164
2026-03-26T14:45:00+00:00,44.69000000000007,44.71000000000007,44.30000000000007,44.36000000000007,3465
2026-03-26T15:00:00+00:00,44.36000000000007,44.55000000000007,44.27000000000007,44.33000000000007,2774
2026-03-26T15:15:00+00:00,44.33000000000007,44.47000000000007,44.28000000000007,44.36000000000007,1839
2026-03-26T15:30:00+00:00,44.36000000000007,44.56000000000007,44.34000000000007,44.52000000000007,1561
2026-03-26T15:45:00+00:00,44.52000000000007,44.74000000000007,44.46000000000007,44.52000000000007,2090
2026-03-26T16:00:00+00:00,44.52000000000007,44.74000000000007,44.50000000000007,44.71000000000007,1689
2026-03-26T16:15:00+00:00,44.71000000000007,44.71000000000007,44.42000000000007,44.47000000000007,1836
2026-03-26T16:30:00+00:00,44.47000000000007,44.48000000000007,44.16000000000007,44.200000000000074,1704
2026-03-26T16:45:00+00:00,44.200000000000074,44.31000000000007,43.99000000000007,44.24000000000007,1827
2026-03-26T17:00:00+00:00,44.24000000000007,44.29000000000007,44.09000000000007,44.14000000000007,1745
2026-03-26T17:15:00+00:00,44.14000000000007,44.18000000000007,43.91000000000007,43.97000000000007,1258
2026-03-26T17:30:00+00:00,43.97000000000007,44.14000000000007,43.80000000000007,43.81000000000007,1195
2026-03-26T17:45:00+00:00,43.81000000000007,43.89000000000007,43.74000000000007,43.78000000000007,1475
2026-03-26T18:00:00+00:00,43.78000000000007,43.96000000000007,43.77000000000007,43.86000000000007,1807
2026-03-26T18:15:00+00:00,43.86000000000007,43.87000000000007,43.61000000000007,43.64000000000007,903
2026-03-26T18:30:00+00:00,43.64000000000007,43.76000000000007,43.62000000000007,43.64000000000007,1197
2026-03-26T18:45:00+00:00,43.64000000000007,43.77000000000007,43.60000000000007,43.69000000000007,1155
2026-03-26T19:00:00+00:00,43.69000000000007,43.71000000000007,43.46000000000007,43.58000000000007,1565
2026-03-26T19:15:00+00:00,43.58000000000007,43.80000000000007,43.55000000000007,43.79000000000007,1319
2026-03-26T19:30:00+00:00,43.79000000000007,43.85000000000007,43.57000000000007,43.60000000000007,1286
2026-03-26T19:45:00+00:00,43.60000000000007,43.76000000000007,43.57000000000007,43.65000000000007,1302
2026-03-27T13:30:00+00:00,43.65000000000007,43.65000000000007,42.68000000000007,43.30000000000007,3470
2026-03-27T13:45:00+00:00,43.30000000000007,43.67000000000007,42.91000000000007,43.06000000000007,2724
2026-03-27T14:00:00+00:00,43.06000000000007,43.30000000000007,42.94000000000007,43.200000000000074,4260
2026-03-27T14:15:00+00:00,43.200000000000074,43.28000000000007,42.68000000000007,42.69000000000007,3414
2026-03-27T14:30:00+00:00,42.69000000000007,42.83000000000007,42.40000000000007,42.50000000000007,2730
2026-03-27T14:45:00+00:00,42.50000000000007,42.99000000000007,42.50000000000007,42.91000000000007,3638
2026-03-27T15:00:00+00:00,42.91000000000007,43.15000000000007,42.87000000000007,42.91000000000007,3260
2026-03-27T15:15:00+00:00,42.91000000000007,43.21000000000007,42.73000000000007,43.16000000000007,3979
2026-03-27T15:30:00+00:00,43.16000000000007,43.450000000000074,43.11000000000007,43.28000000000007,2704
2026-03-27T15:45:00+00:00,43.28000000000007,43.46000000000007,43.28000000000007,43.34000000000007,2432
2026-03-27T16:00:00+00:00,43.34000000000007,43.450000000000074,43.19000000000007,43.25000000000007,1780
2026-03-27T16:15:00+00:00,43.25000000000007,43.28000000000007,43.10000000000007,43.16000000000007,1741
2026-03-27T16:30:00+00:00,43.16000000000007,43.16000000000007,42.92000000000007,42.96000000000007,1699
2026-03-27T16:45:00+00:00,42.96000000000007,43.14000000000007,42.92000000000007,42.98000000000007,1477
2026-03-27T17:00:00+00:00,42.98000000000007,43.08000000000007,42.83000000000007,42.94000000000007,2028
2026-03-27T17:15:00+00:00,42.94000000000007,42.96000000000007,42.62000000000007,42.66000000000007,1087
2026-03-27T17:30:00+00:00,42.66000000000007,42.73000000000007,42.57000000000007,42.60000000000007,782
2026-03-27T17:45:00+00:00,42.60000000000007,42.700000000000074,42.55000000000007,42.65000000000007,873.1499148211244
2026-03-27T18:00:00+00:00,42.65000000000007,42.700000000000074,42.56000000000007,42.59000000000007,765
2026-03-27T18:15:00+00:00,42.59000000000007,42.68000000000007,42.50000000000007,42.59000000000007,791
2026-03-27T18:30:00+00:00,42.59000000000007,42.72000000000007,42.48000000000007,42.67000000000007,798
2026-03-27T18:45:00+00:00,42.67000000000007,42.72000000000007,42.58000000000007,42.67000000000007,701
2026-03-27T19:00:00+00:00,42.67000000000007,42.72000000000007,42.49000000000007,42.60000000000007,729
2026-03-27T19:15:00+00:00,42.60000000000007,42.71000000000007,42.55000000000007,42.56000000000007,859
2026-03-27T19:30:00+00:00,42.56000000000007,42.67000000000007,42.52000000000007,42.57000000000007,766
2026-03-27T19:45:00+00:00,42.57000000000007,42.76000000000007,42.48000000000007,42.68000000000007,1365
2026-03-30T13:30:00+00:00,42.68000000000007,43.53000000000007,42.200000000000074,42.39000000000007,3683
2026-03-30T13:45:00+00:00,42.39000000000007,42.55000000000007,41.75000000000007,41.90000000000007,2984
2026-03-30T14:00:00+00:00,41.90000000000007,42.39000000000007,41.89000000000007,42.28000000000007,3583
2026-03-30T14:15:00+00:00,42.28000000000007,42.33000000000007,41.80000000000007,41.82000000000007,3160
2026-03-30T14:30:00+00:00,41.82000000000007,41.99000000000007,40.99000000000007,41.05000000000007,2918
2026-03-30T14:45:00+00:00,41.05000000000007,41.630000000000074,41.02000000000007,41.62000000000007,3681
2026-03-30T15:00:00+00:00,41.62000000000007,41.72000000000007,41.14000000000007,41.14000000000007,2838
2026-03-30T15:15:00+00:00,41.14000000000007,41.16000000000007,40.880000000000074,40.98000000000007,2573
2026-03-30T15:30:00+00:00,40.98000000000007,41.450000000000074,40.950000000000074,41.24000000000007,2485
2026-03-30T15:45:00+00:00,41.24000000000007,41.44000000000007,41.17000000000007,41.24000000000007,2124
2026-03-30T16:00:00+00:00,41.24000000000007,41.25000000000007,40.81000000000007,40.950000000000074,2247
2026-03-30T16:15:00+00:00,40.950000000000074,40.96000000000007,40.60000000000007,40.65000000000007,1871
2026-03-30T16:30:00+00:00,40.65000000000007,40.91000000000007,40.61000000000007,40.880000000000074,1293
2026-03-30T16:45:00+00:00,40.880000000000074,40.97000000000007,40.67000000000007,40.700000000000074,1396
2026-03-30T17:00:00+00:00,40.700000000000074,40.80000000000007,40.62000000000007,40.68000000000007,1217
2026-03-30T17:15:00+00:00,40.68000000000007,40.75000000000007,40.56000000000007,40.56000000000007,1932
2026-03-30T17:30:00+00:00,40.56000000000007,40.87000000000007,40.55000000000007,40.83000000000007,1963
2026-03-30T17:45:00+00:00,40.83000000000007,41.02000000000007,40.80000000000007,40.90000000000007,2209
2026-03-30T18:00:00+00:00,40.90000000000007,40.93000000000007,40.72000000000007,40.84000000000007,1770
2026-03-30T18:15:00+00:00,40.84000000000007,40.86000000000007,40.59000000000007,40.62000000000007,1521
2026-03-30T18:30:00+00:00,40.62000000000007,40.86000000000007,40.60000000000007,40.65000000000007,1386
2026-03-30T18:45:00+00:00,40.65000000000007,40.75000000000007,40.42000000000007,40.47000000000007,1321
2026-03-30T19:00:00+00:00,40.47000000000007,40.61000000000007,40.28000000000007,40.32000000000007,2088
2026-03-30T19:15:00+00:00,40.32000000000007,40.450000000000074,40.21000000000007,40.24000000000007,1659
2026-03-30T19:30:00+00:00,40.24000000000007,40.46000000000007,40.17000000000007,40.380000000000074,2045
2026-03-30T19:45:00+00:00,40.380000000000074,40.880000000000074,40.34000000000007,40.73000000000007,1959
2026-03-31T13:30:00+00:00,40.73000000000007,41.69000000000007,40.73000000000007,41.380000000000074,3403
2026-03-31T13:45:00+00:00,41.380000000000074,42.07000000000007,41.25000000000007,42.02000000000007,2361
2026-03-31T14:00:00+00:00,42.02000000000007,42.04000000000007,41.61000000000007,41.84000000000007,3357
2026-03-31T14:15:00+00:00,41.84000000000007,42.23000000000007,41.76000000000007,42.08000000000007,3589
2026-03-31T14:30:00+00:00,42.08000000000007,42.200000000000074,41.96000000000007,42.07000000000007,3769
2026-03-31T14:45:00+00:00,42.07000000000007,42.09000000000007,41.67000000000007,41.89000000000007,4123
2026-03-31T15:00:00+00:00,41.89000000000007,42.36000000000007,41.880000000000074,42.31000000000007,3430
2026-03-31T15:15:00+00:00,42.31000000000007,42.33000000000007,41.89000000000007,41.93000000000007,3119
2026-03-31T15:30:00+00:00,41.93000000000007,42.26000000000007,41.89000000000007,42.08000000000007,3747
2026-03-31T15:45:00+00:00,42.08000000000007,42.22000000000007,41.90000000000007,42.06000000000007,2917
2026-03-31T16:00:00+00:00,42.06000000000007,42.46000000000007,42.04000000000007,42.380000000000074,2728
2026-03-31T16:15:00+00:00,42.380000000000074,42.46000000000007,42.29000000000007,42.32000000000007,2155
2026-03-31T16:30:00+00:00,42.32000000000007,43.18000000000007,42.24000000000007,43.08000000000007,5410
2026-03-31T16:45:00+00:00,43.08000000000007,43.27000000000007,42.68000000000007,42.950000000000074,6738
2026-03-31T17:00:00+00:00,42.950000000000074,43.23000000000007,42.90000000000007,43.14000000000007,5235
2026-03-31T17:15:00+00:00,43.14000000000007,43.28000000000007,43.07000000000007,43.15000000000007,4675
2026-03-31T17:30:00+00:00,43.15000000000007,43.30000000000007,43.00000000000007,43.14000000000007,5049
2026-03-31T17:45:00+00:00,43.14000000000007,43.19000000000007,42.89000000000007,42.99000000000007,2776
2026-03-31T18:00:00+00:00,42.99000000000007,43.31000000000007,42.96000000000007,43.28000000000007,2487
2026-03-31T18:15:00+00:00,43.28000000000007,43.47000000000007,43.25000000000007,43.36000000000007,2167
2026-03-31T18:30:00+00:00,43.36000000000007,43.55000000000007,43.30000000000007,43.42000000000007,1568
2026-03-31T18:45:00+00:00,43.42000000000007,43.64000000000007,43.41000000000007,43.49000000000007,1168
2026-03-31T19:00:00+00:00,43.49000000000007,43.60000000000007,43.34000000000007,43.48000000000007,1550
2026-03-31T19:15:00+00:00,43.48000000000007,43.76000000000007,43.48000000000007,43.69000000000007,1036
2026-03-31T19:30:00+00:00,43.69000000000007,43.74000000000007,43.49000000000007,43.61000000000007,1366
2026-03-31T19:45:00+00:00,43.61000000000007,43.78000000000007,43.54000000000007,43.69000000000007,2098
2026-04-01T13:30:00+00:00,43.69000000000007,46.66000000000007,43.69000000000007,46.46000000000007,4764
2026-04-01T13:45:00+00:00,46.46000000000007,46.76000000000007,46.21000000000007,46.31000000000007,3993
2026-04-01T14:00:00+00:00,46.31000000000007,47.26000000000007,46.25000000000007,47.14000000000007,3744
2026-04-01T14:15:00+00:00,47.14000000000007,47.74000000000007,47.11000000000007,47.53000000000007,3432
2026-04-01T14:30:00+00:00,47.53000000000007,47.74000000000007,47.19000000000007,47.67000000000007,3824
2026-04-01T14:45:00+00:00,47.67000000000007,48.15000000000007,47.60000000000007,47.73000000000007,2914
2026-04-01T15:00:00+00:00,47.73000000000007,48.31000000000007,47.69000000000007,48.00000000000007,2538
2026-04-01T15:15:00+00:00,48.00000000000007,48.11000000000007,47.75000000000007,47.87000000000007,2177
2026-04-01T15:30:00+00:00,47.87000000000007,48.14000000000007,47.74000000000007,47.87000000000007,2438
2026-04-01T15:45:00+00:00,47.87000000000007,48.17000000000007,47.82000000000007,48.06000000000007,1865
2026-04-01T16:00:00+00:00,48.06000000000007,48.19000000000007,47.89000000000007,47.97000000000007,1740
2026-04-01T16:15:00+00:00,47.97000000000007,48.08000000000007,47.700000000000074,47.82000000000007,1739
2026-04-01T16:30:00+00:00,47.82000000000007,47.84000000000007,47.60000000000007,47.72000000000007,1586
2026-04-01T16:45:00+00:00,47.72000000000007,47.97000000000007,47.68000000000007,47.87000000000007,1357
2026-04-01T17:00:00+00:00,47.87000000000007,48.02000000000007,47.79000000000007,47.96000000000007,1506
2026-04-01T17:15:00+00:00,47.96000000000007,48.05000000000007,47.87000000000007,47.90000000000007,1685
2026-04-01T17:30:00+00:00,47.90000000000007,48.01000000000007,47.76000000000007,47.92000000000007,1695
2026-04-01T17:45:00+00:00,47.92000000000007,47.97000000000007,47.67000000000007,47.78000000000007,1431
2026-04-01T18:00:00+00:00,47.78000000000007,47.85000000000007,47.62000000000007,47.75000000000007,2251
2026-04-01T18:15:00+00:00,47.75000000000007,47.76000000000007,47.35000000000007,47.450000000000074,3111
2026-04-01T18:30:00+00:00,47.450000000000074,47.73000000000007,47.32000000000007,47.51000000000007,2805
2026-04-01T18:45:00+00:00,47.51000000000007,47.67000000000007,47.36000000000007,47.41000000000007,2235
2026-04-01T19:00:00+00:00,47.41000000000007,47.630000000000074,47.33000000000007,47.58000000000007,2049
2026-04-01T19:15:00+00:00,47.58000000000007,47.77000000000007,47.48000000000007,47.64000000000007,1730
2026-04-01T19:30:00+00:00,47.64000000000007,47.67000000000007,47.25000000000007,47.47000000000007,1956
2026-04-01T19:45:00+00:00,47.47000000000007,47.630000000000074,47.39000000000007,47.59000000000007,2111
2026-04-02T13:30:00+00:00,47.59000000000007,47.59000000000007,45.55000000000007,46.68000000000007,4520
2026-04-02T13:45:00+00:00,46.68000000000007,48.39000000000007,46.55000000000007,48.380000000000074,3847
2026-04-02T14:00:00+00:00,48.380000000000074,49.82000000000007,48.12000000000007,49.40000000000007,6059
2026-04-02T14:15:00+00:00,49.40000000000007,49.99000000000007,48.73000000000007,48.82000000000007,5386
2026-04-02T14:30:00+00:00,48.82000000000007,49.56000000000007,48.50000000000007,49.51000000000007,6373
2026-04-02T14:45:00+00:00,49.51000000000007,49.62000000000007,48.90000000000007,49.28000000000007,5254.519681490385
2026-04-02T15:00:00+00:00,49.28000000000007,49.60000000000007,48.96000000000007,49.26000000000007,5005
2026-04-02T15:15:00+00:00,49.26000000000007,49.47000000000007,49.08000000000007,49.21000000000007,4560
2026-04-02T15:30:00+00:00,49.21000000000007,49.32000000000007,48.99000000000007,49.17000000000007,3948
2026-04-02T15:45:00+00:00,49.17000000000007,49.200000000000074,48.85000000000007,48.950000000000074,3807
2026-04-02T16:00:00+00:00,48.950000000000074,49.08000000000007,48.66000000000007,48.76000000000007,3567
2026-04-02T16:15:00+00:00,48.76000000000007,49.11000000000007,48.66000000000007,49.05000000000007,3458
2026-04-02T16:30:00+00:00,49.05000000000007,49.28000000000007,48.86000000000007,49.200000000000074,3655
2026-04-02T16:45:00+00:00,49.200000000000074,49.29000000000007,49.06000000000007,49.12000000000007,2051
2026-04-02T17:00:00+00:00,49.12000000000007,49.14000000000007,48.880000000000074,49.03000000000007,2333
2026-04-02T17:15:00+00:00,49.03000000000007,49.28000000000007,49.01000000000007,49.26000000000007,1837
2026-04-02T17:30:00+00:00,49.26000000000007,49.29000000000007,49.14000000000007,49.200000000000074,1908
2026-04-02T17:45:00+00:00,49.200000000000074,49.29000000000007,48.93000000000007,49.25000000000007,2335
2026-04-02T18:00:00+00:00,49.25000000000007,49.52000000000007,49.200000000000074,49.32000000000007,1994
2026-04-02T18:15:00+00:00,49.32000000000007,49.44000000000007,49.19000000000007,49.34000000000007,1706
2026-04-02T18:30:00+00:00,49.34000000000007,49.450000000000074,49.24000000000007,49.34000000000007,1479
2026-04-02T18:45:00+00:00,49.34000000000007,49.42000000000007,49.26000000000007,49.30000000000007,1463
2026-04-02T19:00:00+00:00,49.30000000000007,49.62000000000007,49.30000000000007,49.50000000000007,1183
2026-04-02T19:15:00+00:00,49.50000000000007,49.700000000000074,49.43000000000007,49.67000000000007,1262
2026-04-02T19:30:00+00:00,49.67000000000007,49.83000000000007,49.64000000000007,49.71000000000007,1289
2026-04-02T19:45:00+00:00,49.71000000000007,50.03000000000007,49.68000000000007,49.91000000000007,1771
2026-04-06T13:30:00+00:00,49.91000000000007,51.94000000000007,49.91000000000007,51.11000000000007,5363
2026-04-06T13:45:00+00:00,51.11000000000007,51.50000000000007,50.950000000000074,51.16000000000007,3439
2026-04-06T14:00:00+00:00,51.16000000000007,51.34000000000007,50.32000000000007,50.380000000000074,4417
2026-04-06T14:15:00+00:00,50.380000000000074,50.58000000000007,50.15000000000007,50.29000000000007,3624
2026-04-06T14:30:00+00:00,50.29000000000007,50.630000000000074,50.25000000000007,50.34000000000007,4507
2026-04-06T14:45:00+00:00,50.34000000000007,50.39000000000007,50.03000000000007,50.06000000000007,3330
2026-04-06T15:00:00+00:00,50.06000000000007,50.33000000000007,49.98000000000007,50.15000000000007,2830
2026-04-06T15:15:00+00:00,50.15000000000007,50.18000000000007,49.82000000000007,49.92000000000007,2769
2026-04-06T15:30:00+00:00,49.92000000000007,50.15000000000007,49.91000000000007,50.02000000000007,2479
2026-04-06T15:45:00+00:00,50.02000000000007,50.200000000000074,49.89000000000007,50.18000000000007,2017
2026-04-06T16:00:00+00:00,50.18000000000007,50.27000000000007,49.700000000000074,49.79000000000007,1818
2026-04-06T16:15:00+00:00,49.79000000000007,50.01000000000007,49.77000000000007,49.80000000000007,1686
2026-04-06T16:30:00+00:00,49.80000000000007,49.92000000000007,49.66000000000007,49.74000000000007,1330
2026-04-06T16:45:00+00:00,49.74000000000007,49.80000000000007,49.52000000000007,49.62000000000007,1673
2026-04-06T17:00:00+00:00,49.62000000000007,49.66000000000007,49.41000000000007,49.52000000000007,2490
2026-04-06T17:15:00+00:00,49.52000000000007,50.23000000000007,49.50000000000007,50.16000000000007,2548
2026-04-06T17:30:00+00:00,50.16000000000007,50.21000000000007,49.880000000000074,50.01000000000007,2219
2026-04-06T17:45:00+00:00,50.01000000000007,50.03000000000007,49.90000000000007,49.950000000000074,1422
2026-04-06T18:00:00+00:00,49.950000000000074,50.19000000000007,49.94000000000007,50.14000000000007,2227
2026-04-06T18:15:00+00:00,50.14000000000007,50.22000000000007,50.05000000000007,50.06000000000007,2032
2026-04-06T18:30:00+00:00,50.06000000000007,50.25000000000007,50.06000000000007,50.12000000000007,1326
2026-04-06T18:45:00+00:00,50.12000000000007,50.32000000000007,50.09000000000007,50.29000000000007,1098
2026-04-06T19:00:00+00:00,50.29000000000007,50.39000000000007,50.200000000000074,50.22000000000007,1206
2026-04-06T19:15:00+00:00,50.22000000000007,50.33000000000007,50.17000000000007,50.30000000000007,1235
2026-04-06T19:30:00+00:00,50.30000000000007,50.49000000000007,50.22000000000007,50.46000000000007,1141
2026-04-06T19:45:00+00:00,50.46000000000007,50.53000000000007,50.28000000000007,50.29000000000007,1503
2026-04-07T13:30:00+00:00,50.29000000000007,52.81000000000007,50.29000000000007,51.67000000000007,5870
2026-04-07T13:45:00+00:00,51.67000000000007,51.91000000000007,51.16000000000007,51.19000000000007,3618
2026-04-07T14:00:00+00:00,51.19000000000007,51.36000000000007,50.75000000000007,51.27000000000007,4297
2026-04-07T14:15:00+00:00,51.27000000000007,51.59000000000007,51.10000000000007,51.42000000000007,3915
2026-04-07T14:30:00+00:00,51.42000000000007,51.74000000000007,51.28000000000007,51.44000000000007,3403
2026-04-07T14:45:00+00:00,51.44000000000007,51.79000000000007,51.35000000000007,51.47000000000007,3088
2026-04-07T15:00:00+00:00,51.47000000000007,51.700000000000074,51.08000000000007,51.47000000000007,2994
2026-04-07T15:15:00+00:00,51.47000000000007,51.82000000000007,51.40000000000007,51.80000000000007,3474
2026-04-07T15:30:00+00:00,51.80000000000007,52.07000000000007,51.26000000000007,51.40000000000007,2619
2026-04-07T15:45:00+00:00,51.40000000000007,51.55000000000007,51.200000000000074,51.22000000000007,3168
2026-04-07T16:00:00+00:00,51.22000000000007,51.73000000000007,51.17000000000007,51.62000000000007,3850
2026-04-07T16:15:00+00:00,51.62000000000007,52.21000000000007,51.56000000000007,51.99000000000007,3214
2026-04-07T16:30:00+00:00,51.99000000000007,52.49000000000007,51.89000000000007,52.49000000000007,2676
2026-04-07T16:45:00+00:00,52.49000000000007,52.57000000000007,52.130000000000074,52.25000000000007,2441
2026-04-07T17:00:00+00:00,52.25000000000007,52.39000000000007,52.200000000000074,52.22000000000007,2055
2026-04-07T17:15:00+00:00,52.22000000000007,52.24000000000007,51.92000000000007,52.12000000000007,2412
2026-04-07T17:30:00+00:00,52.12000000000007,52.22000000000007,51.77000000000007,51.78000000000007,3377
2026-04-07T17:45:00+00:00,51.78000000000007,51.93000000000007,51.72000000000007,51.85000000000007,2098
2026-04-07T18:00:00+00:00,51.85000000000007,51.91000000000007,51.72000000000007,51.84000000000007,1518
2026-04-07T18:15:00+00:00,51.84000000000007,51.880000000000074,51.68000000000007,51.77000000000007,1641
2026-04-07T18:30:00+00:00,51.77000000000007,51.81000000000007,51.47000000000007,51.55000000000007,1625
2026-04-07T18:45:00+00:00,51.55000000000007,51.60000000000007,51.25000000000007,51.39000000000007,1657
2026-04-07T19:00:00+00:00,51.39000000000007,51.58000000000007,51.33000000000007,51.48000000000007,2245
2026-04-07T19:15:00+00:00,51.48000000000007,52.10000000000007,51.43000000000007,51.78000000000007,4464
2026-04-07T19:30:00+00:00,51.78000000000007,52.07000000000007,51.73000000000007,52.00000000000007,2142
2026-04-07T19:45:00+00:00,52.00000000000007,52.55000000000007,51.94000000000007,52.42000000000007,3984
2026-04-08T13:30:00+00:00,52.42000000000007,56.17000000000007,52.42000000000007,56.14000000000007,5611
2026-04-08T13:45:00+00:00,56.14000000000007,57.04000000000007,56.12000000000007,56.950000000000074,4262
2026-04-08T14:00:00+00:00,56.950000000000074,57.26000000000007,56.85000000000007,57.05000000000007,5025
2026-04-08T14:15:00+00:00,57.05000000000007,57.24000000000007,56.79000000000007,56.80000000000007,4116
2026-04-08T14:30:00+00:00,56.80000000000007,57.11000000000007,56.39000000000007,56.43000000000007,4353
2026-04-08T14:45:00+00:00,56.43000000000007,56.44000000000007,55.71000000000007,55.98000000000007,4708.01075920594
2026-04-08T15:00:00+00:00,55.98000000000007,56.74000000000007,55.97000000000007,56.69000000000007,3697
2026-04-08T15:15:00+00:00,56.69000000000007,57.10000000000007,56.61000000000007,56.74000000000007,3130
2026-04-08T15:30:00+00:00,56.74000000000007,57.06000000000007,56.68000000000007,56.83000000000007,2949
2026-04-08T15:45:00+00:00,56.83000000000007,57.23000000000007,56.80000000000007,57.08000000000007,2345
2026-04-08T16:00:00+00:00,57.08000000000007,57.43000000000007,57.06000000000007,57.35000000000007,1827
2026-04-08T16:15:00+00:00,57.35000000000007,57.630000000000074,57.25000000000007,57.590000000000074,2300
2026-04-08T16:30:00+00:00,57.590000000000074,57.83000000000007,57.55000000000007,57.67000000000007,1552
2026-04-08T16:45:00+00:00,57.67000000000007,58.14000000000007,57.590000000000074,58.12000000000007,1863
2026-04-08T17:00:00+00:00,58.12000000000007,58.32000000000007,58.00000000000007,58.020000000000074,1887
2026-04-08T17:15:00+00:00,58.020000000000074,58.11000000000007,57.76000000000007,58.08000000000007,2253
2026-04-08T17:30:00+00:00,58.08000000000007,58.270000000000074,57.97000000000007,58.22000000000007,1833
2026-04-08T17:45:00+00:00,58.22000000000007,58.410000000000075,58.200000000000074,58.36000000000007,1272
2026-04-08T18:00:00+00:00,58.36000000000007,58.68000000000007,58.32000000000007,58.590000000000074,1508
2026-04-08T18:15:00+00:00,58.590000000000074,58.630000000000074,58.11000000000007,58.12000000000007,3663
2026-04-08T18:30:00+00:00,58.12000000000007,58.25000000000007,57.80000000000007,57.81000000000007,2392
2026-04-08T18:45:00+00:00,57.81000000000007,57.880000000000074,57.42000000000007,57.49000000000007,2419
2026-04-08T19:00:00+00:00,57.49000000000007,57.90000000000007,57.40000000000007,57.85000000000007,2817
2026-04-08T19:15:00+00:00,57.85000000000007,58.08000000000007,57.660000000000075,57.94000000000007,1914
2026-04-08T19:30:00+00:00,57.94000000000007,58.020000000000074,57.630000000000074,57.71000000000007,2418
2026-04-08T19:45:00+00:00,57.71000000000007,58.56000000000007,57.69000000000007,58.44000000000007,2311
2026-04-09T13:30:00+00:00,58.44000000000007,59.81000000000007,57.85000000000007,59.67000000000007,5660
2026-04-09T13:45:00+00:00,59.67000000000007,59.98000000000007,59.200000000000074,59.80000000000007,3566
2026-04-09T14:00:00+00:00,59.80000000000007,60.56000000000007,59.65000000000007,59.74000000000007,3574
2026-04-09T14:15:00+00:00,59.74000000000007,60.40000000000007,59.51000000000007,60.090000000000074,2879
2026-04-09T14:30:00+00:00,60.090000000000074,60.160000000000075,59.53000000000007,60.05000000000007,2606
2026-04-09T14:45:00+00:00,60.05000000000007,60.58000000000007,59.92000000000007,60.40000000000007,2421
2026-04-09T15:00:00+00:00,60.40000000000007,60.55000000000007,60.28000000000007,60.44000000000007,2482
2026-04-09T15:15:00+00:00,60.44000000000007,60.450000000000074,59.61000000000007,59.94000000000007,2844
2026-04-09T15:30:00+00:00,59.94000000000007,60.23000000000007,59.74000000000007,59.94000000000007,4300
2026-04-09T15:45:00+00:00,59.94000000000007,60.06000000000007,59.770000000000074,59.82000000000007,2648
2026-04-09T16:00:00+00:00,59.82000000000007,60.00000000000007,59.36000000000007,59.79000000000007,3272
2026-04-09T16:15:00+00:00,59.79000000000007,60.090000000000074,59.76000000000007,59.96000000000007,2124
2026-04-09T16:30:00+00:00,59.96000000000007,60.03000000000007,59.74000000000007,59.79000000000007,1899
2026-04-09T16:45:00+00:00,59.79000000000007,60.17000000000007,59.60000000000007,60.020000000000074,1961
2026-04-09T17:00:00+00:00,60.020000000000074,60.19000000000007,59.880000000000074,60.05000000000007,1636
2026-04-09T17:15:00+00:00,60.05000000000007,60.15000000000007,59.83000000000007,60.07000000000007,2217
2026-04-09T17:30:00+00:00,60.07000000000007,60.36000000000007,59.89000000000007,60.25000000000007,1733
2026-04-09T17:45:00+00:00,60.25000000000007,60.410000000000075,60.17000000000007,60.36000000000007,1396
2026-04-09T18:00:00+00:00,60.36000000000007,60.380000000000074,59.950000000000074,60.19000000000007,3096
2026-04-09T18:15:00+00:00,60.19000000000007,60.26000000000007,59.83000000000007,59.98000000000007,2363
2026-04-09T18:30:00+00:00,59.98000000000007,60.50000000000007,59.92000000000007,60.31000000000007,1812
2026-04-09T18:45:00+00:00,60.31000000000007,60.36000000000007,60.15000000000007,60.26000000000007,1747
2026-04-09T19:00:00+00:00,60.26000000000007,60.71000000000007,60.25000000000007,60.58000000000007,1779
2026-04-09T19:15:00+00:00,60.58000000000007,61.00000000000007,60.53000000000007,60.94000000000007,1580
2026-04-09T19:30:00+00:00,60.94000000000007,61.200000000000074,60.90000000000007,61.15000000000007,1289
2026-04-09T19:45:00+00:00,61.15000000000007,61.57000000000007,61.12000000000007,61.17000000000007,1825
2026-04-10T13:30:00+00:00,61.17000000000007,62.15000000000007,60.25000000000007,61.910000000000075,4768
2026-04-10T13:45:00+00:00,61.910000000000075,62.89000000000007,61.880000000000074,62.340000000000074,3328
2026-04-10T14:00:00+00:00,62.340000000000074,62.62000000000007,62.06000000000007,62.270000000000074,3921
2026-04-10T14:15:00+00:00,62.270000000000074,62.58000000000007,61.950000000000074,62.26000000000007,3164
2026-04-10T14:30:00+00:00,62.26000000000007,62.340000000000074,61.82000000000007,61.97000000000007,3648
2026-04-10T14:45:00+00:00,61.97000000000007,62.47000000000007,61.92000000000007,62.47000000000007,3258.285714285714
2026-04-10T15:00:00+00:00,62.47000000000007,62.630000000000074,62.230000000000075,62.340000000000074,2421
2026-04-10T15:15:00+00:00,62.340000000000074,62.78000000000007,62.340000000000074,62.450000000000074,2374
2026-04-10T15:30:00+00:00,62.450000000000074,62.65000000000008,62.29000000000007,62.380000000000074,3216
2026-04-10T15:45:00+00:00,62.380000000000074,62.47000000000007,61.940000000000076,62.06000000000007,2759
2026-04-10T16:00:00+00:00,62.06000000000007,62.090000000000074,61.660000000000075,61.910000000000075,2924
2026-04-10T16:15:00+00:00,61.910000000000075,62.020000000000074,61.56000000000007,61.940000000000076,2315
2026-04-10T16:30:00+00:00,61.940000000000076,62.00000000000007,61.74000000000007,61.75000000000007,2408
2026-04-10T16:45:00+00:00,61.75000000000007,62.04000000000007,61.71000000000007,61.85000000000007,2663
2026-04-10T17:00:00+00:00,61.85000000000007,61.980000000000075,61.68000000000007,61.770000000000074,2115
2026-04-10T17:15:00+00:00,61.770000000000074,62.11000000000007,61.58000000000008,61.96000000000007,2160
2026-04-10T17:30:00+00:00,61.96000000000007,62.31000000000007,61.89000000000007,62.270000000000074,1670
2026-04-10T17:45:00+00:00,62.270000000000074,62.33000000000008,62.090000000000074,62.29000000000007,1715
2026-04-10T18:00:00+00:00,62.29000000000007,62.380000000000074,62.22000000000007,62.29000000000007,1575
2026-04-10T18:15:00+00:00,62.29000000000007,62.49000000000007,62.270000000000074,62.39000000000007,1523
2026-04-10T18:30:00+00:00,62.39000000000007,62.43000000000007,62.270000000000074,62.270000000000074,894
2026-04-10T18:45:00+00:00,62.270000000000074,62.42000000000007,62.200000000000074,62.25000000000007,941
2026-04-10T19:00:00+00:00,62.25000000000007,62.36000000000007,62.18000000000007,62.24000000000007,818
2026-04-10T19:15:00+00:00,62.24000000000007,62.74000000000007,62.21000000000007,62.58000000000008,1013
2026-04-10T19:30:00+00:00,62.58000000000008,62.58000000000008,62.190000000000076,62.300000000000075,1017
2026-04-10T19:45:00+00:00,62.300000000000075,62.32000000000007,61.81000000000007,61.85000000000007,1484
2026-04-13T13:30:00+00:00,61.85000000000007,64.28000000000007,61.60000000000007,63.620000000000076,4684
2026-04-13T13:45:00+00:00,63.620000000000076,63.870000000000076,63.020000000000074,63.25000000000007,3601
2026-04-13T14:00:00+00:00,63.25000000000007,63.54000000000007,62.89000000000007,63.090000000000074,2772
2026-04-13T14:15:00+00:00,63.090000000000074,63.54000000000007,63.020000000000074,63.120000000000076,2498
2026-04-13T14:30:00+00:00,63.120000000000076,64.08000000000007,62.97000000000007,63.980000000000075,2397
2026-04-13T14:45:00+00:00,63.980000000000075,64.16000000000007,63.63000000000007,63.71000000000008,2043
2026-04-13T15:00:00+00:00,63.71000000000008,64.16000000000007,63.480000000000075,63.91000000000007,2537
2026-04-13T15:15:00+00:00,63.91000000000007,64.15000000000008,63.68000000000008,63.69000000000007,2214
2026-04-13T15:30:00+00:00,63.69000000000007,64.02000000000007,63.57000000000008,63.980000000000075,2159
2026-04-13T15:45:00+00:00,63.980000000000075,64.41000000000007,63.94000000000007,64.05000000000007,1971
2026-04-13T16:00:00+00:00,64.05000000000007,64.25000000000007,63.88000000000007,64.05000000000007,2219
2026-04-13T16:15:00+00:00,64.05000000000007,64.39000000000007,63.950000000000074,64.29000000000008,1903
2026-04-13T16:30:00+00:00,64.29000000000008,64.71000000000008,64.24000000000008,64.65000000000008,2960
2026-04-13T16:45:00+00:00,64.65000000000008,65.11000000000007,64.61000000000007,65.10000000000008,2203
2026-04-13T17:00:00+00:00,65.10000000000008,65.15000000000008,64.80000000000007,64.91000000000007,1773
2026-04-13T17:15:00+00:00,64.91000000000007,64.99000000000008,64.74000000000008,64.77000000000007,1417
2026-04-13T17:30:00+00:00,64.77000000000007,64.87000000000008,64.62000000000008,64.68000000000008,1228
2026-04-13T17:45:00+00:00,64.68000000000008,64.69000000000007,64.43000000000008,64.43000000000008,1027
2026-04-13T18:00:00+00:00,64.43000000000008,64.55000000000007,64.14000000000007,64.14000000000007,1004
2026-04-13T18:15:00+00:00,64.14000000000007,64.18000000000008,63.91000000000007,64.12000000000008,1338
2026-04-13T18:30:00+00:00,64.12000000000008,64.37000000000008,64.11000000000007,64.33000000000007,1162
2026-04-13T18:45:00+00:00,64.33000000000007,64.69000000000007,64.32000000000008,64.59000000000007,1498
2026-04-13T19:00:00+00:00,64.59000000000007,64.72000000000007,64.53000000000007,64.62000000000008,1293
2026-04-13T19:15:00+00:00,64.62000000000008,64.79000000000008,64.58000000000007,64.63000000000007,1205
2026-04-13T19:30:00+00:00,64.63000000000007,64.72000000000007,64.50000000000007,64.63000000000007,1419
2026-04-13T19:45:00+00:00,64.63000000000007,64.95000000000007,64.55000000000007,64.66000000000007,1960
2026-04-14T13:30:00+00:00,64.66000000000007,64.67000000000007,62.120000000000076,63.18000000000007,5828
2026-04-14T13:45:00+00:00,63.18000000000007,63.83000000000007,62.980000000000075,63.370000000000076,3463
2026-04-14T14:00:00+00:00,63.370000000000076,63.43000000000007,62.83000000000008,62.940000000000076,3506
2026-04-14T14:15:00+00:00,62.940000000000076,63.17000000000007,62.58000000000008,62.82000000000007,3518
2026-04-14T14:30:00+00:00,62.82000000000007,62.880000000000074,62.39000000000007,62.67000000000007,3064
2026-04-14T14:45:00+00:00,62.67000000000007,63.14000000000007,62.61000000000007,62.61000000000007,3064
2026-04-14T15:00:00+00:00,62.61000000000007,62.620000000000076,62.17000000000007,62.480000000000075,3075
2026-04-14T15:15:00+00:00,62.480000000000075,62.550000000000075,62.33000000000008,62.42000000000007,2814
2026-04-14T15:30:00+00:00,62.42000000000007,62.53000000000007,61.89000000000007,61.93000000000007,2575
2026-04-14T15:45:00+00:00,61.93000000000007,62.07000000000007,61.71000000000007,62.04000000000007,2418
2026-04-14T16:00:00+00:00,62.04000000000007,62.32000000000007,61.950000000000074,61.980000000000075,1867
2026-04-14T16:15:00+00:00,61.980000000000075,62.090000000000074,61.870000000000076,62.00000000000007,1559
2026-04-14T16:30:00+00:00,62.00000000000007,62.050000000000075,61.620000000000076,61.67000000000007,1579
2026-04-14T16:45:00+00:00,61.67000000000007,61.730000000000075,61.57000000000007,61.690000000000076,1297
2026-04-14T17:00:00+00:00,61.690000000000076,61.93000000000007,61.67000000000007,61.81000000000007,1737
2026-04-14T17:15:00+00:00,61.81000000000007,62.28000000000007,61.800000000000075,62.24000000000007,2053
2026-04-14T17:30:00+00:00,62.24000000000007,62.510000000000076,62.190000000000076,62.24000000000007,1705
2026-04-14T17:45:00+00:00,62.24000000000007,62.28000000000007,62.08000000000008,62.28000000000007,1481
2026-04-14T18:00:00+00:00,62.28000000000007,62.54000000000007,62.260000000000076,62.340000000000074,1402
2026-04-14T18:15:00+00:00,62.340000000000074,62.35000000000007,62.17000000000007,62.270000000000074,1609
2026-04-14T18:30:00+00:00,62.270000000000074,62.49000000000007,62.230000000000075,62.440000000000076,1363
2026-04-14T18:45:00+00:00,62.440000000000076,62.81000000000007,62.440000000000076,62.690000000000076,1371
2026-04-14T19:00:00+00:00,62.690000000000076,62.93000000000007,62.64000000000007,62.82000000000007,1473
2026-04-14T19:15:00+00:00,62.82000000000007,63.15000000000008,62.79000000000007,63.03000000000007,1401
2026-04-14T19:30:00+00:00,63.03000000000007,63.11000000000007,62.85000000000007,63.06000000000007,1932
2026-04-14T19:45:00+00:00,63.06000000000007,63.32000000000007,63.00000000000007,63.300000000000075,1582
2026-04-15T13:30:00+00:00,63.300000000000075,64.48000000000008,62.36000000000007,63.130000000000074,4856
2026-04-15T13:45:00+00:00,63.130000000000074,64.08000000000007,63.07000000000007,63.94000000000007,3322
2026-04-15T14:00:00+00:00,63.94000000000007,64.10000000000008,63.440000000000076,63.92000000000007,2741
2026-04-15T14:15:00+00:00,63.92000000000007,64.21000000000008,63.65000000000008,64.02000000000007,3198
2026-04-15T14:30:00+00:00,64.02000000000007,65.33000000000007,63.980000000000075,64.92000000000007,2897
2026-04-15T14:45:00+00:00,64.92000000000007,64.96000000000008,64.67000000000007,64.82000000000008,2559.503144654088
2026-04-15T15:00:00+00:00,64.82000000000008,64.87000000000008,64.48000000000009,64.85000000000008,2602
2026-04-15T15:15:00+00:00,64.85000000000008,64.98000000000009,64.76000000000008,64.80000000000008,2144
2026-04-15T15:30:00+00:00,64.80000000000008,65.04000000000008,64.49000000000008,64.98000000000009,2374
2026-04-15T15:45:00+00:00,64.98000000000009,65.02000000000008,64.65000000000008,64.82000000000008,1940
2026-04-15T16:00:00+00:00,64.82000000000008,64.96000000000008,64.67000000000009,64.89000000000009,1528
2026-04-15T16:15:00+00:00,64.89000000000009,64.92000000000009,64.28000000000009,64.31000000000009,1924
2026-04-15T16:30:00+00:00,64.31000000000009,64.37000000000008,63.44000000000008,63.620000000000076,2696
2026-04-15T16:45:00+00:00,63.620000000000076,63.750000000000085,63.21000000000008,63.56000000000009,3478
2026-04-15T17:00:00+00:00,63.56000000000009,63.85000000000008,63.45000000000008,63.79000000000008,2677
2026-04-15T17:15:00+00:00,63.79000000000008,63.81000000000009,63.60000000000008,63.68000000000008,2052
2026-04-15T17:30:00+00:00,63.68000000000008,63.81000000000009,63.580000000000084,63.60000000000008,1704
2026-04-15T17:45:00+00:00,63.60000000000008,63.92000000000009,63.580000000000084,63.80000000000008,1250
2026-04-15T18:00:00+00:00,63.80000000000008,63.98000000000009,63.70000000000009,63.77000000000008,2598
2026-04-15T18:15:00+00:00,63.77000000000008,63.970000000000084,63.77000000000008,63.970000000000084,1128
2026-04-15T18:30:00+00:00,63.970000000000084,64.04000000000008,63.860000000000085,63.88000000000008,961
2026-04-15T18:45:00+00:00,63.88000000000008,64.00000000000009,63.82000000000008,64.00000000000009,954
2026-04-15T19:00:00+00:00,64.00000000000009,64.20000000000009,63.93000000000008,64.11000000000008,1260
2026-04-15T19:15:00+00:00,64.11000000000008,64.19000000000008,63.98000000000009,64.10000000000008,1190
2026-04-15T19:30:00+00:00,64.10000000000008,64.24000000000008,64.00000000000009,64.06000000000009,1570
2026-04-15T19:45:00+00:00,64.06000000000009,64.45000000000009,64.03000000000009,64.43000000000008,2316
2026-04-16T13:30:00+00:00,64.43000000000008,66.41000000000008,63.750000000000085,65.85000000000008,5530
2026-04-16T13:45:00+00:00,65.85000000000008,66.02000000000008,65.07000000000008,65.37000000000008,4127
2026-04-16T14:00:00+00:00,65.37000000000008,66.32000000000008,65.14000000000009,65.61000000000008,4704
2026-04-16T14:15:00+00:00,65.61000000000008,65.82000000000008,65.27000000000008,65.74000000000008,3300
2026-04-16T14:30:00+00:00,65.74000000000008,65.94000000000008,65.58000000000008,65.80000000000008,3573
2026-04-16T14:45:00+00:00,65.80000000000008,66.75000000000009,65.80000000000008,66.58000000000008,3386
2026-04-16T15:00:00+00:00,66.58000000000008,67.24000000000008,66.47000000000008,66.91000000000008,3030
2026-04-16T15:15:00+00:00,66.91000000000008,67.20000000000009,66.87000000000008,66.97000000000008,2921
2026-04-16T15:30:00+00:00,66.97000000000008,67.28000000000009,66.82000000000008,67.15000000000008,3542
2026-04-16T15:45:00+00:00,67.15000000000008,67.52000000000008,67.15000000000008,67.41000000000008,2833
2026-04-16T16:00:00+00:00,67.41000000000008,67.55000000000008,67.24000000000008,67.36000000000008,2228
2026-04-16T16:15:00+00:00,67.36000000000008,67.71000000000008,67.34000000000009,67.39000000000009,1983
2026-04-16T16:30:00+00:00,67.39000000000009,67.66000000000008,66.90000000000008,67.41000000000008,3703
2026-04-16T16:45:00+00:00,67.41000000000008,67.49000000000008,67.09000000000009,67.15000000000008,2244
2026-04-16T17:00:00+00:00,67.15000000000008,67.23000000000009,67.03000000000009,67.05000000000008,2519
2026-04-16T17:15:00+00:00,67.05000000000008,67.23000000000009,66.86000000000008,67.19000000000008,2230
2026-04-16T17:30:00+00:00,67.19000000000008,67.40000000000008,67.14000000000009,67.17000000000009,1707
2026-04-16T17:45:00+00:00,67.17000000000009,67.29000000000008,67.11000000000008,67.20000000000009,1865
2026-04-16T18:00:00+00:00,67.20000000000009,67.30000000000008,66.76000000000008,67.04000000000008,3478
2026-04-16T18:15:00+00:00,67.04000000000008,67.11000000000008,66.54000000000008,66.68000000000008,2744
2026-04-16T18:30:00+00:00,66.68000000000008,67.47000000000008,66.64000000000009,67.30000000000008,2841
2026-04-16T18:45:00+00:00,67.30000000000008,67.49000000000008,67.26000000000008,67.36000000000008,1093
2026-04-16T19:00:00+00:00,67.36000000000008,67.86000000000008,67.34000000000009,67.77000000000008,1616
2026-04-16T19:15:00+00:00,67.77000000000008,67.87000000000008,67.60000000000008,67.61000000000008,1327
2026-04-16T19:30:00+00:00,67.61000000000008,67.90000000000008,67.55000000000008,67.70000000000009,1509
2026-04-16T19:45:00+00:00,67.70000000000009,68.09000000000009,67.64000000000009,68.04000000000008,2143
2026-04-17T13:30:00+00:00,68.04000000000008,69.03000000000009,67.85000000000008,68.56000000000009,5566
2026-04-17T13:45:00+00:00,68.56000000000009,69.03000000000009,68.27000000000008,68.91000000000008,3889
2026-04-17T14:00:00+00:00,68.91000000000008,69.60000000000008,68.78000000000009,69.13000000000008,3907
2026-04-17T14:15:00+00:00,69.13000000000008,69.32000000000008,68.80000000000008,69.09000000000009,3444
2026-04-17T14:30:00+00:00,69.09000000000009,69.54000000000008,68.94000000000008,69.42000000000009,3321
2026-04-17T14:45:00+00:00,69.42000000000009,69.43000000000008,69.01000000000008,69.18000000000008,3362.254253611557
2026-04-17T15:00:00+00:00,69.18000000000008,69.68000000000008,69.07000000000008,69.43000000000008,3611
2026-04-17T15:15:00+00:00,69.43000000000008,69.82000000000008,69.41000000000007,69.76000000000008,3132
2026-04-17T15:30:00+00:00,69.76000000000008,69.78000000000007,69.19000000000007,69.19000000000007,2915
2026-04-17T15:45:00+00:00,69.19000000000007,69.35000000000008,68.51000000000008,68.55000000000007,3231
2026-04-17T16:00:00+00:00,68.55000000000007,69.35000000000008,68.24000000000008,69.31000000000007,2978
2026-04-17T16:15:00+00:00,69.31000000000007,69.41000000000007,68.85000000000008,68.87000000000008,2497
2026-04-17T16:30:00+00:00,68.87000000000008,68.92000000000007,68.49000000000008,68.55000000000007,2340
2026-04-17T16:45:00+00:00,68.55000000000007,68.80000000000007,68.35000000000008,68.50000000000007,2128
2026-04-17T17:00:00+00:00,68.50000000000007,68.52000000000007,68.18000000000008,68.33000000000007,2639
2026-04-17T17:15:00+00:00,68.33000000000007,68.43000000000008,67.85000000000008,68.11000000000007,4175
2026-04-17T17:30:00+00:00,68.11000000000007,68.32000000000008,67.95000000000007,68.06000000000007,2855
2026-04-17T17:45:00+00:00,68.06000000000007,68.37000000000008,67.98000000000008,68.15000000000008,1741
2026-04-17T18:00:00+00:00,68.15000000000008,68.20000000000007,67.59000000000007,67.61000000000007,2306
2026-04-17T18:15:00+00:00,67.61000000000007,67.88000000000007,67.40000000000008,67.46000000000008,3194
2026-04-17T18:30:00+00:00,67.46000000000008,67.61000000000007,67.26000000000008,67.41000000000007,2223
2026-04-17T18:45:00+00:00,67.41000000000007,67.61000000000007,67.40000000000008,67.44000000000007,2323
2026-04-17T19:00:00+00:00,67.44000000000007,67.52000000000007,67.22000000000007,67.27000000000007,2125
2026-04-17T19:15:00+00:00,67.27000000000007,67.58000000000007,67.25000000000007,67.50000000000007,1717
2026-04-17T19:30:00+00:00,67.50000000000007,67.71000000000008,67.29000000000008,67.63000000000007,2141
2026-04-17T19:45:00+00:00,67.63000000000007,68.21000000000008,67.56000000000007,67.99000000000008,2704
2026-04-20T13:30:00+00:00,67.99000000000008,68.68000000000008,65.99000000000008,66.00000000000007,5377
2026-04-20T13:45:00+00:00,66.00000000000007,66.21000000000008,65.38000000000007,65.80000000000007,4132
2026-04-20T14:00:00+00:00,65.80000000000007,66.12000000000008,65.22000000000007,65.81000000000007,2912
2026-04-20T14:15:00+00:00,65.81000000000007,65.83000000000007,65.42000000000007,65.74000000000008,2522
2026-04-20T14:30:00+00:00,65.74000000000008,66.15000000000008,65.56000000000007,65.68000000000008,2833
2026-04-20T14:45:00+00:00,65.68000000000008,65.82000000000008,65.09000000000007,65.30000000000007,3457
2026-04-20T15:00:00+00:00,65.30000000000007,65.67000000000007,65.15000000000008,65.40000000000008,3007
2026-04-20T15:15:00+00:00,65.40000000000008,65.66000000000007,65.29000000000008,65.44000000000007,3606
2026-04-20T15:30:00+00:00,65.44000000000007,65.52000000000007,65.19000000000007,65.24000000000008,3096
2026-04-20T15:45:00+00:00,65.24000000000008,65.47000000000007,65.07000000000008,65.38000000000007,2226
2026-04-20T16:00:00+00:00,65.38000000000007,65.39000000000007,64.99000000000008,65.33000000000007,1700
2026-04-20T16:15:00+00:00,65.33000000000007,65.49000000000008,65.17000000000007,65.27000000000007,1822
2026-04-20T16:30:00+00:00,65.27000000000007,65.40000000000008,65.21000000000008,65.27000000000007,2059
2026-04-20T16:45:00+00:00,65.27000000000007,65.31000000000007,65.06000000000007,65.21000000000008,1804
2026-04-20T17:00:00+00:00,65.21000000000008,65.26000000000008,64.95000000000007,65.03000000000007,2150
2026-04-20T17:15:00+00:00,65.03000000000007,65.15000000000008,64.61000000000007,64.68000000000008,1596
2026-04-20T17:30:00+00:00,64.68000000000008,64.83000000000007,64.59000000000007,64.79000000000008,1966
2026-04-20T17:45:00+00:00,64.79000000000008,65.27000000000007,64.77000000000007,65.09000000000007,1367
2026-04-20T18:00:00+00:00,65.09000000000007,65.18000000000008,64.77000000000007,64.84000000000007,1991
2026-04-20T18:15:00+00:00,64.84000000000007,65.06000000000007,64.72000000000007,65.00000000000007,1625
2026-04-20T18:30:00+00:00,65.00000000000007,65.12000000000008,64.82000000000008,65.11000000000007,1766
2026-04-20T18:45:00+00:00,65.11000000000007,65.33000000000007,65.01000000000008,65.29000000000008,1171
2026-04-20T19:00:00+00:00,65.29000000000008,65.35000000000008,65.18000000000008,65.26000000000008,1144
2026-04-20T19:15:00+00:00,65.26000000000008,65.27000000000007,64.84000000000007,64.99000000000008,1343
2026-04-20T19:30:00+00:00,64.99000000000008,65.17000000000007,64.88000000000007,65.04000000000008,1508
2026-04-20T19:45:00+00:00,65.04000000000008,65.24000000000008,64.91000000000007,65.21000000000008,2165
2026-04-21T13:30:00+00:00,65.21000000000008,67.13000000000007,65.21000000000008,66.54000000000008,2051
2026-04-21T13:45:00+00:00,66.54000000000008,66.73000000000008,66.06000000000007,66.35000000000008,1215
2026-04-21T14:00:00+00:00,66.35000000000008,66.89000000000007,66.29000000000008,66.65000000000008,1308
2026-04-21T14:15:00+00:00,66.65000000000008,67.05000000000007,65.97000000000007,66.22000000000007,1371
2026-04-21T14:30:00+00:00,66.22000000000007,66.53000000000007,65.94000000000007,66.11000000000007,1468
2026-04-21T14:45:00+00:00,66.11000000000007,66.25000000000007,65.74000000000008,65.77000000000007,1528
2026-04-21T15:00:00+00:00,65.77000000000007,66.41000000000007,65.59000000000007,66.20000000000007,1868
2026-04-21T15:15:00+00:00,66.20000000000007,66.76000000000008,65.97000000000007,66.09000000000007,1831
2026-04-21T15:30:00+00:00,66.09000000000007,66.18000000000008,65.89000000000007,66.08000000000007,1882
2026-04-21T15:45:00+00:00,66.08000000000007,66.23000000000008,65.96000000000008,66.05000000000007,1536
2026-04-21T16:00:00+00:00,66.05000000000007,66.33000000000007,65.99000000000008,66.19000000000007,1802
2026-04-21T16:15:00+00:00,66.19000000000007,66.31000000000007,65.76000000000008,65.79000000000008,1275
2026-04-21T16:30:00+00:00,65.79000000000008,65.93000000000008,65.44000000000007,65.46000000000008,1322
2026-04-21T16:45:00+00:00,65.46000000000008,65.62000000000008,65.40000000000008,65.53000000000007,1087
2026-04-21T17:00:00+00:00,65.53000000000007,65.66000000000007,65.16000000000007,65.34000000000007,1932
2026-04-21T17:15:00+00:00,65.34000000000007,65.45000000000007,65.20000000000007,65.25000000000007,1739
2026-04-21T17:30:00+00:00,65.25000000000007,65.87000000000008,65.22000000000007,65.74000000000008,1950
2026-04-21T17:45:00+00:00,65.74000000000008,65.84000000000007,65.57000000000008,65.80000000000007,1407
2026-04-21T18:00:00+00:00,65.80000000000007,65.88000000000007,65.69000000000007,65.70000000000007,1042
2026-04-21T18:15:00+00:00,65.70000000000007,65.73000000000008,65.46000000000008,65.52000000000007,1526
2026-04-21T18:30:00+00:00,65.52000000000007,65.70000000000007,65.48000000000008,65.67000000000007,974
2026-04-21T18:45:00+00:00,65.67000000000007,65.78000000000007,65.44000000000007,65.68000000000008,1553
2026-04-21T19:00:00+00:00,65.68000000000008,66.02000000000007,65.67000000000007,65.86000000000007,1251
2026-04-21T19:15:00+00:00,65.86000000000007,66.15000000000008,65.81000000000007,66.03000000000007,1286
2026-04-21T19:30:00+00:00,66.03000000000007,66.09000000000007,65.13000000000007,65.21000000000008,1598
2026-04-21T19:45:00+00:00,65.21000000000008,65.82000000000008,65.21000000000008,65.82000000000008,2210
2026-04-22T13:30:00+00:00,65.82000000000008,68.25000000000007,65.82000000000008,66.56000000000007,4861
2026-04-22T13:45:00+00:00,66.56000000000007,66.70000000000007,65.54000000000008,65.78000000000007,3778
2026-04-22T14:00:00+00:00,65.78000000000007,65.89000000000007,64.89000000000007,65.52000000000007,2962
2026-04-22T14:15:00+00:00,65.52000000000007,65.89000000000007,65.40000000000008,65.84000000000007,2156
2026-04-22T14:30:00+00:00,65.84000000000007,66.09000000000007,65.60000000000008,65.63000000000007,2716
2026-04-22T14:45:00+00:00,65.63000000000007,65.81000000000007,65.41000000000007,65.62000000000006,2059.07240644965
2026-04-22T15:00:00+00:00,65.62000000000006,65.71000000000005,65.33000000000006,65.53000000000006,2366
2026-04-22T15:15:00+00:00,65.53000000000006,65.81000000000006,65.45000000000006,65.59000000000006,1492
2026-04-22T15:30:00+00:00,65.59000000000006,65.84000000000006,65.55000000000005,65.60000000000005,1724
2026-04-22T15:45:00+00:00,65.60000000000005,65.77000000000005,65.28000000000006,65.37000000000006,1369
2026-04-22T16:00:00+00:00,65.37000000000006,65.54000000000005,65.19000000000005,65.34000000000006,1432
2026-04-22T16:15:00+00:00,65.34000000000006,65.38000000000005,64.92000000000006,64.92000000000006,1458
2026-04-22T16:30:00+00:00,64.92000000000006,64.99000000000005,64.69000000000005,64.73000000000006,2029
2026-04-22T16:45:00+00:00,64.73000000000006,64.88000000000005,64.67000000000006,64.82000000000005,1512
2026-04-22T17:00:00+00:00,64.82000000000005,65.16000000000005,64.81000000000006,64.94000000000005,1412
2026-04-22T17:15:00+00:00,64.94000000000005,65.21000000000005,64.87000000000006,65.17000000000006,1341
2026-04-22T17:30:00+00:00,65.17000000000006,65.33000000000006,65.03000000000006,65.10000000000005,1036
2026-04-22T17:45:00+00:00,65.10000000000005,65.17000000000006,65.04000000000005,65.06000000000006,1015
2026-04-22T18:00:00+00:00,65.06000000000006,65.21000000000005,64.89000000000006,64.98000000000006,1098
2026-04-22T18:15:00+00:00,64.98000000000006,65.07000000000005,64.76000000000006,64.95000000000006,1220
2026-04-22T18:30:00+00:00,64.95000000000006,65.01000000000006,64.82000000000005,64.91000000000005,918
2026-04-22T18:45:00+00:00,64.91000000000005,64.97000000000006,64.77000000000005,64.81000000000006,842
2026-04-22T19:00:00+00:00,64.81000000000006,64.95000000000006,64.49000000000005,64.87000000000006,2486
2026-04-22T19:15:00+00:00,64.87000000000006,65.10000000000005,64.86000000000006,64.93000000000005,1087
2026-04-22T19:30:00+00:00,64.93000000000005,64.95000000000006,64.75000000000006,64.81000000000006,1094
2026-04-22T19:45:00+00:00,64.81000000000006,64.95000000000006,64.57000000000005,64.75000000000006,2384
2026-04-23T13:30:00+00:00,64.75000000000006,67.79000000000005,64.75000000000006,67.15000000000005,4896
2026-04-23T13:45:00+00:00,67.15000000000005,67.30000000000005,65.99000000000005,66.38000000000005,3640
2026-04-23T14:00:00+00:00,66.38000000000005,66.76000000000006,65.94000000000005,66.03000000000006,3722
2026-04-23T14:15:00+00:00,66.03000000000006,66.57000000000005,65.99000000000005,66.39000000000006,3195
2026-04-23T14:30:00+00:00,66.39000000000006,66.87000000000006,66.31000000000006,66.49000000000005,3362
2026-04-23T14:45:00+00:00,66.49000000000005,66.57000000000005,66.28000000000006,66.53000000000006,2469
2026-04-23T15:00:00+00:00,66.53000000000006,67.37000000000006,66.51000000000006,67.33000000000006,2474
2026-04-23T15:15:00+00:00,67.33000000000006,67.34000000000006,66.98000000000006,67.09000000000006,2504
2026-04-23T15:30:00+00:00,67.09000000000006,67.31000000000006,66.95000000000006,67.31000000000006,2912
2026-04-23T15:45:00+00:00,67.31000000000006,67.37000000000006,66.84000000000006,67.26000000000006,3533
2026-04-23T16:00:00+00:00,67.26000000000006,67.66000000000005,66.87000000000006,67.56000000000006,3240
2026-04-23T16:15:00+00:00,67.56000000000006,67.64000000000006,67.28000000000006,67.50000000000006,2946
2026-04-23T16:30:00+00:00,67.50000000000006,67.72000000000006,67.40000000000005,67.63000000000005,1793
2026-04-23T16:45:00+00:00,67.63000000000005,67.79000000000005,67.33000000000006,67.49000000000005,2108
2026-04-23T17:00:00+00:00,67.49000000000005,67.57000000000005,66.87000000000006,67.10000000000005,5720
2026-04-23T17:15:00+00:00,67.10000000000005,67.10000000000005,66.56000000000006,66.89000000000006,5237
2026-04-23T17:30:00+00:00,66.89000000000006,67.33000000000006,66.35000000000005,66.51000000000006,5266
2026-04-23T17:45:00+00:00,66.51000000000006,67.10000000000005,66.21000000000005,67.08000000000006,6566
2026-04-23T18:00:00+00:00,67.08000000000006,67.45000000000006,67.05000000000005,67.17000000000006,4853
2026-04-23T18:15:00+00:00,67.17000000000006,67.23000000000006,66.97000000000006,67.16000000000005,3303
2026-04-23T18:30:00+00:00,67.16000000000005,67.31000000000006,66.94000000000005,67.08000000000006,2970
2026-04-23T18:45:00+00:00,67.08000000000006,67.09000000000006,66.27000000000005,66.41000000000005,3118
2026-04-23T19:00:00+00:00,66.41000000000005,66.49000000000005,66.14000000000006,66.34000000000006,3521
2026-04-23T19:15:00+00:00,66.34000000000006,66.37000000000006,65.98000000000006,66.13000000000005,2369
2026-04-23T19:30:00+00:00,66.13000000000005,66.21000000000005,65.47000000000006,65.49000000000005,3580
2026-04-23T19:45:00+00:00,65.49000000000005,66.37000000000006,65.47000000000006,66.27000000000005,2946
2026-04-24T13:30:00+00:00,66.27000000000005,84.70000000000006,66.27000000000005,82.75000000000006,10062
2026-04-24T13:45:00+00:00,82.75000000000006,83.02000000000005,80.14000000000006,81.13000000000005,8015
2026-04-24T14:00:00+00:00,81.13000000000005,82.90000000000005,80.92000000000006,82.47000000000006,6856
2026-04-24T14:15:00+00:00,82.47000000000006,82.97000000000006,80.91000000000005,81.74000000000005,5440
2026-04-24T14:30:00+00:00,81.74000000000005,81.98000000000006,80.73000000000006,81.37000000000006,4787
2026-04-24T14:45:00+00:00,81.37000000000006,82.19000000000005,81.19000000000005,82.17000000000006,4498.662406681007
2026-04-24T15:00:00+00:00,82.17000000000006,82.77000000000005,81.89000000000006,82.36000000000006,4289
2026-04-24T15:15:00+00:00,82.36000000000006,82.43000000000006,81.97000000000006,82.13000000000005,4706
2026-04-24T15:30:00+00:00,82.13000000000005,82.25000000000006,81.54000000000006,81.83000000000006,4105
2026-04-24T15:45:00+00:00,81.83000000000006,82.03000000000006,81.22000000000006,81.34000000000006,4924
2026-04-24T16:00:00+00:00,81.34000000000006,81.65000000000006,81.02000000000005,81.33000000000006,3792
2026-04-24T16:15:00+00:00,81.33000000000006,81.33000000000006,80.64000000000006,80.77000000000005,3429
2026-04-24T16:30:00+00:00,80.77000000000005,81.21000000000006,80.30000000000005,80.44000000000005,3258
2026-04-24T16:45:00+00:00,80.44000000000005,80.61000000000006,79.68000000000006,79.85000000000007,3351
2026-04-24T17:00:00+00:00,79.85000000000007,80.15000000000006,79.11000000000006,79.36000000000006,3790
2026-04-24T17:15:00+00:00,79.36000000000006,80.54000000000006,79.22000000000006,80.34000000000006,3612
2026-04-24T17:30:00+00:00,80.34000000000006,81.06000000000006,80.20000000000006,80.68000000000006,3584
2026-04-24T17:45:00+00:00,80.68000000000006,81.34000000000006,80.60000000000007,81.29000000000006,3310
2026-04-24T18:00:00+00:00,81.29000000000006,81.48000000000006,80.51000000000006,80.61000000000006,3077
2026-04-24T18:15:00+00:00,80.61000000000006,80.63000000000005,80.29000000000006,80.41000000000005,3201
2026-04-24T18:30:00+00:00,80.41000000000005,80.79000000000006,80.26000000000006,80.34000000000006,2856
2026-04-24T18:45:00+00:00,80.34000000000006,80.59000000000006,80.09000000000006,80.27000000000005,2614
2026-04-24T19:00:00+00:00,80.27000000000005,80.59000000000006,79.90000000000006,80.16000000000005,3025
2026-04-24T19:15:00+00:00,80.16000000000005,80.53000000000006,80.08000000000006,80.12000000000006,2797
2026-04-24T19:30:00+00:00,80.12000000000006,80.93000000000006,79.99000000000007,80.89000000000006,3896
2026-04-24T19:45:00+00:00,80.89000000000006,82.10000000000007,80.79000000000006,82.08000000000006,4423
2026-04-27T13:30:00+00:00,82.08000000000006,85.19000000000005,82.08000000000006,84.81000000000006,9161
2026-04-27T13:45:00+00:00,84.81000000000006,86.32000000000006,83.18000000000006,86.12000000000006,8184
2026-04-27T14:00:00+00:00,86.12000000000006,86.56000000000006,85.27000000000005,86.02000000000005,6978
2026-04-27T14:15:00+00:00,86.02000000000005,86.13000000000005,83.82000000000006,83.82000000000006,6315
2026-04-27T14:30:00+00:00,83.82000000000006,84.43000000000006,83.16000000000005,84.31000000000006,5942
2026-04-27T14:45:00+00:00,84.31000000000006,84.38000000000005,83.30000000000005,83.78000000000006,4177
2026-04-27T15:00:00+00:00,83.78000000000006,84.04000000000006,83.10000000000007,83.14000000000006,4661
2026-04-27T15:15:00+00:00,83.14000000000006,83.57000000000006,82.59000000000006,82.73000000000006,3869
2026-04-27T15:30:00+00:00,82.73000000000006,83.50000000000006,82.52000000000005,83.27000000000005,3738
2026-04-27T15:45:00+00:00,83.27000000000005,83.57000000000006,82.65000000000006,82.69000000000005,3581
2026-04-27T16:00:00+00:00,82.69000000000005,83.07000000000006,82.41000000000005,83.02000000000005,3852
2026-04-27T16:15:00+00:00,83.02000000000005,83.12000000000006,82.64000000000006,82.77000000000005,3317
2026-04-27T16:30:00+00:00,82.77000000000005,83.76000000000006,82.71000000000006,83.61000000000006,3389
2026-04-27T16:45:00+00:00,83.61000000000006,83.82000000000006,83.21000000000006,83.23000000000006,3076
2026-04-27T17:00:00+00:00,83.23000000000006,83.47000000000006,83.03000000000006,83.24000000000007,2888
2026-04-27T17:15:00+00:00,83.24000000000007,83.28000000000006,82.10000000000007,82.52000000000005,3201
2026-04-27T17:30:00+00:00,82.52000000000005,83.31000000000006,82.47000000000006,83.20000000000006,2590
2026-04-27T17:45:00+00:00,83.20000000000006,83.39000000000006,82.79000000000006,82.82000000000006,2518
2026-04-27T18:00:00+00:00,82.82000000000006,83.14000000000006,82.59000000000006,83.01000000000006,2469
2026-04-27T18:15:00+00:00,83.01000000000006,83.33000000000006,82.90000000000006,83.14000000000006,2493
2026-04-27T18:30:00+00:00,83.14000000000006,83.28000000000006,82.90000000000006,83.09000000000006,2579
2026-04-27T18:45:00+00:00,83.09000000000006,83.12000000000006,82.61000000000006,82.75000000000006,2259
2026-04-27T19:00:00+00:00,82.75000000000006,83.28000000000006,82.60000000000007,83.21000000000006,2670
2026-04-27T19:15:00+00:00,83.21000000000006,83.65000000000006,82.84000000000006,83.44000000000005,3477
2026-04-27T19:30:00+00:00,83.44000000000005,84.02000000000005,83.42000000000006,83.92000000000006,3953
2026-04-27T19:45:00+00:00,83.92000000000006,84.50000000000006,83.69000000000005,84.49000000000007,4715
2026-04-28T13:30:00+00:00,84.49000000000007,84.49000000000007,80.27000000000005,82.37000000000006,7685
2026-04-28T13:45:00+00:00,82.37000000000006,82.74000000000007,81.70000000000006,82.50000000000006,4603
2026-04-28T14:00:00+00:00,82.50000000000006,83.40000000000006,82.21000000000006,83.12000000000006,5976
2026-04-28T14:15:00+00:00,83.12000000000006,83.31000000000006,82.01000000000006,82.30000000000005,4775
2026-04-28T14:30:00+00:00,82.30000000000005,82.37000000000006,80.42000000000006,81.22000000000006,5306
2026-04-28T14:45:00+00:00,81.22000000000006,81.42000000000006,80.43000000000006,81.42000000000006,5760
2026-04-28T15:00:00+00:00,81.42000000000006,81.61000000000006,80.77000000000005,81.08000000000006,4820
2026-04-28T15:15:00+00:00,81.08000000000006,81.55000000000005,80.85000000000007,81.40000000000006,4509
2026-04-28T15:30:00+00:00,81.40000000000006,81.69000000000005,80.96000000000006,81.58000000000006,4222
2026-04-28T15:45:00+00:00,81.58000000000006,81.68000000000006,81.01000000000006,81.28000000000006,3591
2026-04-28T16:00:00+00:00,81.28000000000006,82.13000000000005,81.17000000000006,81.92000000000006,3325
2026-04-28T16:15:00+00:00,81.92000000000006,82.04000000000006,81.70000000000006,81.73000000000006,3075
2026-04-28T16:30:00+00:00,81.73000000000006,81.80000000000005,81.02000000000005,81.42000000000006,2737
2026-04-28T16:45:00+00:00,81.42000000000006,81.99000000000007,81.39000000000006,81.91000000000005,3687
2026-04-28T17:00:00+00:00,81.91000000000005,82.12000000000006,81.82000000000006,81.98000000000006,3131
2026-04-28T17:15:00+00:00,81.98000000000006,82.19000000000005,81.81000000000006,82.00000000000006,3118
2026-04-28T17:30:00+00:00,82.00000000000006,82.89000000000006,81.96000000000006,82.84000000000006,2840
2026-04-28T17:45:00+00:00,82.84000000000006,83.33000000000006,82.77000000000005,83.13000000000005,3361
2026-04-28T18:00:00+00:00,83.13000000000005,83.43000000000006,82.86000000000006,83.42000000000006,3364
2026-04-28T18:15:00+00:00,83.42000000000006,84.08000000000006,83.39000000000006,83.75000000000006,3298
2026-04-28T18:30:00+00:00,83.75000000000006,83.97000000000006,83.70000000000006,83.87000000000006,2913
2026-04-28T18:45:00+00:00,83.87000000000006,83.97000000000006,83.47000000000006,83.60000000000007,2277
2026-04-28T19:00:00+00:00,83.60000000000007,83.73000000000006,83.41000000000005,83.54000000000006,2682
2026-04-28T19:15:00+00:00,83.54000000000006,83.55000000000005,82.92000000000006,83.08000000000006,2945
2026-04-28T19:30:00+00:00,83.08000000000006,83.51000000000006,82.97000000000006,83.31000000000006,3341
2026-04-28T19:45:00+00:00,83.31000000000006,84.08000000000006,83.22000000000006,83.92000000000006,4295
2026-04-29T13:30:00+00:00,83.92000000000006,87.77000000000005,83.92000000000006,87.29000000000006,7192
2026-04-29T13:45:00+00:00,87.29000000000006,88.12000000000006,86.58000000000006,87.65000000000006,5143
2026-04-29T14:00:00+00:00,87.65000000000006,88.83000000000006,87.02000000000005,88.74000000000007,6264
2026-04-29T14:15:00+00:00,88.74000000000007,90.64000000000006,88.65000000000006,90.35000000000007,5767
2026-04-29T14:30:00+00:00,90.35000000000007,91.60000000000007,89.91000000000005,91.03000000000006,5122
2026-04-29T14:45:00+00:00,91.03000000000006,92.80000000000007,90.89000000000006,92.78000000000006,5129.241961514587
2026-04-29T15:00:00+00:00,92.78000000000006,92.99000000000007,91.59000000000006,91.72000000000006,6035
2026-04-29T15:15:00+00:00,91.72000000000006,92.93000000000006,91.49000000000007,92.64000000000006,5295
2026-04-29T15:30:00+00:00,92.64000000000006,93.55000000000005,92.49000000000007,93.31000000000006,5163
2026-04-29T15:45:00+00:00,93.31000000000006,93.58000000000006,92.20000000000006,92.45000000000006,4945
2026-04-29T16:00:00+00:00,92.45000000000006,92.69000000000005,91.99000000000007,92.04000000000006,4180
2026-04-29T16:15:00+00:00,92.04000000000006,92.35000000000007,91.50000000000006,91.63000000000005,3808
2026-04-29T16:30:00+00:00,91.63000000000005,92.85000000000007,91.36000000000006,92.67000000000006,4642
2026-04-29T16:45:00+00:00,92.67000000000006,93.20000000000006,92.16000000000005,92.72000000000006,4063
2026-04-29T17:00:00+00:00,92.72000000000006,93.19000000000005,92.50000000000006,92.96000000000006,3627
2026-04-29T17:15:00+00:00,92.96000000000006,93.10000000000007,92.38000000000005,92.57000000000006,3138
2026-04-29T17:30:00+00:00,92.57000000000006,92.79000000000006,92.30000000000005,92.46000000000006,2931
2026-04-29T17:45:00+00:00,92.46000000000006,93.12000000000006,92.43000000000006,92.99000000000007,3048
2026-04-29T18:00:00+00:00,92.99000000000007,93.03000000000006,92.42000000000006,92.79000000000006,4143
2026-04-29T18:15:00+00:00,92.79000000000006,93.33000000000006,92.73000000000006,92.96000000000006,3241
2026-04-29T18:30:00+00:00,92.96000000000006,93.48000000000006,92.61000000000006,92.86000000000006,4707
2026-04-29T18:45:00+00:00,92.86000000000006,93.87000000000006,92.71000000000006,93.28000000000006,4292
2026-04-29T19:00:00+00:00,93.28000000000006,93.43000000000006,92.79000000000006,93.33000000000006,4502
2026-04-29T19:15:00+00:00,93.33000000000006,93.72000000000006,93.09000000000006,93.31000000000006,4036
2026-04-29T19:30:00+00:00,93.31000000000006,93.72000000000006,93.14000000000006,93.61000000000006,4223
2026-04-29T19:45:00+00:00,93.61000000000006,94.45000000000006,93.53000000000006,94.27000000000005,5401
2026-04-30T13:30:00+00:00,94.27000000000005,95.02000000000005,91.95000000000006,93.56000000000006,7984
2026-04-30T13:45:00+00:00,93.56000000000006,93.57000000000006,91.22000000000006,91.91000000000005,6356
2026-04-30T14:00:00+00:00,91.91000000000005,93.08000000000006,91.82000000000006,92.69000000000005,5283
2026-04-30T14:15:00+00:00,92.69000000000005,92.72000000000006,91.48000000000006,92.08000000000006,4900
2026-04-30T14:30:00+00:00,92.08000000000006,92.36000000000006,90.99000000000007,92.23000000000006,4525
2026-04-30T14:45:00+00:00,92.23000000000006,92.71000000000006,92.02000000000005,92.10000000000007,3927
2026-04-30T15:00:00+00:00,92.10000000000007,93.85000000000007,92.04000000000006,93.54000000000006,4451
2026-04-30T15:15:00+00:00,93.54000000000006,94.11000000000006,93.44000000000005,93.86000000000006,3759
2026-04-30T15:30:00+00:00,93.86000000000006,94.39000000000006,92.83000000000006,92.83000000000006,3480
2026-04-30T15:45:00+00:00,92.83000000000006,93.05000000000005,92.50000000000006,92.78000000000006,3210
2026-04-30T16:00:00+00:00,92.78000000000006,93.33000000000006,92.68000000000006,93.27000000000005,3215
2026-04-30T16:15:00+00:00,93.27000000000005,93.34000000000006,92.84000000000006,93.06000000000006,2939
2026-04-30T16:30:00+00:00,93.06000000000006,93.14000000000006,92.66000000000005,92.94000000000005,3020
2026-04-30T16:45:00+00:00,92.94000000000005,93.14000000000006,92.61000000000006,93.07000000000006,3260
2026-04-30T17:00:00+00:00,93.07000000000006,93.71000000000006,93.04000000000006,93.64000000000006,2666
2026-04-30T17:15:00+00:00,93.64000000000006,93.72000000000006,93.35000000000007,93.43000000000006,3040
2026-04-30T17:30:00+00:00,93.43000000000006,94.00000000000006,93.40000000000006,93.87000000000006,2809
2026-04-30T17:45:00+00:00,93.87000000000006,94.58000000000006,93.83000000000006,94.42000000000006,2461
2026-04-30T18:00:00+00:00,94.42000000000006,94.65000000000006,93.21000000000006,93.52000000000005,3007
2026-04-30T18:15:00+00:00,93.52000000000005,94.14000000000006,93.46000000000006,94.05000000000005,2699
2026-04-30T18:30:00+00:00,94.05000000000005,94.26000000000006,93.53000000000006,93.57000000000006,2776
2026-04-30T18:45:00+00:00,93.57000000000006,93.69000000000005,92.12000000000006,92.16000000000005,2996
2026-04-30T19:00:00+00:00,92.16000000000005,92.45000000000006,91.69000000000005,92.37000000000006,3721
2026-04-30T19:15:00+00:00,92.37000000000006,92.54000000000006,91.91000000000005,91.91000000000005,3025
2026-04-30T19:30:00+00:00,91.91000000000005,93.45000000000006,91.83000000000006,93.40000000000006,3355
2026-04-30T19:45:00+00:00,93.40000000000006,94.12000000000006,93.24000000000007,94.01000000000006,4791
2026-05-01T13:30:00+00:00,94.01000000000006,96.52000000000005,92.09000000000006,96.34000000000006,6600
2026-05-01T13:45:00+00:00,96.34000000000006,97.81000000000006,95.26000000000006,97.80000000000005,5256
2026-05-01T14:00:00+00:00,97.80000000000005,98.90000000000006,97.35000000000007,98.39000000000006,5720
2026-05-01T14:15:00+00:00,98.39000000000006,99.30000000000005,97.86000000000006,98.81000000000006,4573
2026-05-01T14:30:00+00:00,98.81000000000006,98.82000000000006,97.31000000000006,98.27000000000005,5341
2026-05-01T14:45:00+00:00,98.27000000000005,99.87000000000006,97.79000000000006,98.76000000000006,4639.576599026937
2026-05-01T15:00:00+00:00,98.76000000000006,99.14000000000006,98.28000000000006,98.97000000000006,4017
2026-05-01T15:15:00+00:00,98.97000000000006,99.98000000000006,98.72000000000006,98.90000000000006,3489
2026-05-01T15:30:00+00:00,98.90000000000006,99.10000000000007,98.56000000000006,98.58000000000006,2931
2026-05-01T15:45:00+00:00,98.58000000000006,99.16000000000007,98.45000000000006,99.09000000000006,3054
2026-05-01T16:00:00+00:00,99.09000000000006,99.20000000000006,98.56000000000006,98.82000000000006,2459
2026-05-01T16:15:00+00:00,98.82000000000006,99.31000000000006,98.58000000000006,98.86000000000006,2478
2026-05-01T16:30:00+00:00,98.86000000000006,99.25000000000006,98.68000000000006,98.76000000000006,2486
2026-05-01T16:45:00+00:00,98.76000000000006,98.90000000000006,98.29000000000006,98.30000000000007,2172
2026-05-01T17:00:00+00:00,98.30000000000007,98.63000000000007,98.10000000000007,98.38000000000007,1958
2026-05-01T17:15:00+00:00,98.38000000000007,98.79000000000006,98.06000000000006,98.18000000000006,2080
2026-05-01T17:30:00+00:00,98.18000000000006,98.44000000000005,97.65000000000006,98.43000000000006,2110
2026-05-01T17:45:00+00:00,98.43000000000006,98.64000000000006,98.17000000000006,98.59000000000006,2123
2026-05-01T18:00:00+00:00,98.59000000000006,98.81000000000006,98.45000000000006,98.47000000000006,2235
2026-05-01T18:15:00+00:00,98.47000000000006,98.66000000000007,98.27000000000007,98.31000000000006,2054
2026-05-01T18:30:00+00:00,98.31000000000006,98.55000000000007,98.23000000000006,98.32000000000006,1989
2026-05-01T18:45:00+00:00,98.32000000000006,98.49000000000007,97.88000000000007,98.39000000000006,2030
2026-05-01T19:00:00+00:00,98.39000000000006,99.28000000000006,98.33000000000006,99.18000000000006,2035
2026-05-01T19:15:00+00:00,99.18000000000006,99.67000000000006,99.09000000000006,99.43000000000006,1943
2026-05-01T19:30:00+00:00,99.43000000000006,99.60000000000007,99.09000000000006,99.20000000000006,2268
2026-05-01T19:45:00+00:00,99.20000000000006,99.63000000000007,99.02000000000007,99.24000000000007,3184
2026-05-04T13:30:00+00:00,99.24000000000007,99.37000000000006,95.93000000000006,97.53000000000006,6916
2026-05-04T13:45:00+00:00,97.53000000000006,98.73000000000006,96.85000000000007,98.63000000000007,4610
2026-05-04T14:00:00+00:00,98.63000000000007,98.95000000000006,98.28000000000006,98.30000000000007,4539
2026-05-04T14:15:00+00:00,98.30000000000007,98.42000000000006,97.45000000000006,97.79000000000006,4489
2026-05-04T14:30:00+00:00,97.79000000000006,98.77000000000007,97.74000000000007,98.77000000000007,3902
2026-05-04T14:45:00+00:00,98.77000000000007,99.11000000000006,98.25000000000006,98.68000000000006,3672
2026-05-04T15:00:00+00:00,98.68000000000006,98.71000000000006,97.90000000000006,98.08000000000006,3873
2026-05-04T15:15:00+00:00,98.08000000000006,98.50000000000006,97.56000000000006,98.22000000000006,5140
2026-05-04T15:30:00+00:00,98.22000000000006,98.38000000000007,97.17000000000006,97.81000000000006,4866
2026-05-04T15:45:00+00:00,97.81000000000006,97.85000000000007,96.92000000000006,97.43000000000006,4039
2026-05-04T16:00:00+00:00,97.43000000000006,97.43000000000006,96.17000000000006,96.39000000000006,4880
2026-05-04T16:15:00+00:00,96.39000000000006,96.94000000000005,96.02000000000007,96.47000000000006,4813
2026-05-04T16:30:00+00:00,96.47000000000006,96.73000000000006,95.88000000000007,95.90000000000006,3514
2026-05-04T16:45:00+00:00,95.90000000000006,96.52000000000007,95.80000000000007,96.27000000000007,3385
2026-05-04T17:00:00+00:00,96.27000000000007,97.20000000000006,96.21000000000006,96.83000000000006,3043
2026-05-04T17:15:00+00:00,96.83000000000006,97.09000000000006,96.58000000000006,96.63000000000007,3242
2026-05-04T17:30:00+00:00,96.63000000000007,96.70000000000006,96.09000000000006,96.47000000000006,2738
2026-05-04T17:45:00+00:00,96.47000000000006,96.76000000000006,96.30000000000007,96.53000000000006,2135
2026-05-04T18:00:00+00:00,96.53000000000006,96.68000000000006,96.23000000000006,96.55000000000007,2609
2026-05-04T18:15:00+00:00,96.55000000000007,96.79000000000006,95.91000000000007,96.57000000000006,2861
2026-05-04T18:30:00+00:00,96.57000000000006,96.82000000000006,96.01000000000006,96.07000000000006,2537
2026-05-04T18:45:00+00:00,96.07000000000006,96.46000000000006,95.75000000000006,96.36000000000006,2417
2026-05-04T19:00:00+00:00,96.36000000000006,96.57000000000006,96.19000000000005,96.41000000000007,2772
2026-05-04T19:15:00+00:00,96.41000000000007,96.55000000000007,96.03000000000006,96.16000000000007,1913
2026-05-04T19:30:00+00:00,96.16000000000007,96.20000000000006,95.61000000000006,95.72000000000006,2345
2026-05-04T19:45:00+00:00,95.72000000000006,96.17000000000006,95.15000000000006,95.30000000000007,3544
2026-05-05T13:30:00+00:00,95.30000000000007,106.81000000000006,95.30000000000007,105.91000000000007,9003
2026-05-05T13:45:00+00:00,105.91000000000007,106.30000000000007,104.07000000000006,104.81000000000006,7110
2026-05-05T14:00:00+00:00,104.81000000000006,106.86000000000006,104.09000000000006,106.63000000000007,6016
2026-05-05T14:15:00+00:00,106.63000000000007,109.09000000000006,106.07000000000006,108.94000000000005,6510
2026-05-05T14:30:00+00:00,108.94000000000005,110.01000000000006,108.41000000000007,108.43000000000006,6379
2026-05-05T14:45:00+00:00,108.43000000000006,109.44000000000005,107.73000000000006,107.76000000000006,5029
2026-05-05T15:00:00+00:00,107.76000000000006,108.32000000000006,107.32000000000006,108.22000000000006,3913
2026-05-05T15:15:00+00:00,108.22000000000006,109.05000000000007,108.15000000000006,108.45000000000006,3530
2026-05-05T15:30:00+00:00,108.45000000000006,109.14000000000006,108.15000000000006,108.44000000000005,4041
2026-05-05T15:45:00+00:00,108.44000000000005,108.80000000000007,108.16000000000007,108.17000000000006,3024
2026-05-05T16:00:00+00:00,108.17000000000006,109.27000000000007,107.95000000000006,108.78000000000006,3228
2026-05-05T16:15:00+00:00,108.78000000000006,108.83000000000006,107.00000000000006,107.45000000000006,3499
2026-05-05T16:30:00+00:00,107.45000000000006,108.29000000000006,107.35000000000007,107.63000000000007,3027
2026-05-05T16:45:00+00:00,107.63000000000007,108.40000000000006,107.59000000000006,108.06000000000006,2514
2026-05-05T17:00:00+00:00,108.06000000000006,108.59000000000006,107.95000000000006,108.54000000000006,2286
2026-05-05T17:15:00+00:00,108.54000000000006,108.97000000000006,108.39000000000006,108.85000000000007,2462
2026-05-05T17:30:00+00:00,108.85000000000007,108.85000000000007,108.20000000000006,108.61000000000006,2114
2026-05-05T17:45:00+00:00,108.61000000000006,109.01000000000006,108.37000000000006,108.66000000000007,2155
2026-05-05T18:00:00+00:00,108.66000000000007,108.99000000000007,108.06000000000006,108.15000000000006,2482
2026-05-05T18:15:00+00:00,108.15000000000006,108.41000000000007,108.00000000000006,108.32000000000006,2080
2026-05-05T18:30:00+00:00,108.32000000000006,108.77000000000007,108.10000000000007,108.48000000000006,1973
2026-05-05T18:45:00+00:00,108.48000000000006,108.60000000000007,107.88000000000007,108.30000000000007,2112
2026-05-05T19:00:00+00:00,108.30000000000007,108.39000000000006,107.75000000000006,107.81000000000006,2365
2026-05-05T19:15:00+00:00,107.81000000000006,107.84000000000006,107.30000000000007,107.31000000000006,2509
2026-05-05T19:30:00+00:00,107.31000000000006,107.81000000000006,107.08000000000006,107.37000000000006,2172
2026-05-05T19:45:00+00:00,107.37000000000006,107.83000000000006,107.12000000000006,107.70000000000006,3768
2026-05-06T13:30:00+00:00,107.70000000000006,112.45000000000006,107.70000000000006,112.27000000000007,9141
2026-05-06T13:45:00+00:00,112.27000000000007,113.04000000000006,110.40000000000006,110.45000000000006,6638
2026-05-06T14:00:00+00:00,110.45000000000006,110.78000000000006,108.15000000000006,108.85000000000007,6864
2026-05-06T14:15:00+00:00,108.85000000000007,109.30000000000007,106.12000000000006,106.95000000000006,7102
2026-05-06T14:30:00+00:00,106.95000000000006,108.92000000000006,106.85000000000007,108.80000000000007,5424
2026-05-06T14:45:00+00:00,108.80000000000007,110.16000000000007,108.79000000000006,109.62000000000006,5287.6291390728475
2026-05-06T15:00:00+00:00,109.62000000000006,110.97000000000007,109.33000000000007,110.67000000000006,4707
2026-05-06T15:15:00+00:00,110.67000000000006,111.49000000000007,110.62000000000006,110.65000000000006,4183
2026-05-06T15:30:00+00:00,110.65000000000006,110.77000000000007,110.02000000000007,110.70000000000006,4026
2026-05-06T15:45:00+00:00,110.70000000000006,110.83000000000007,110.08000000000007,110.33000000000007,3346
2026-05-06T16:00:00+00:00,110.33000000000007,111.36000000000007,110.23000000000006,111.22000000000007,3408
2026-05-06T16:15:00+00:00,111.22000000000007,111.26000000000006,110.27000000000007,110.79000000000006,3608
2026-05-06T16:30:00+00:00,110.79000000000006,111.62000000000006,110.64000000000007,111.02000000000007,2750
2026-05-06T16:45:00+00:00,111.02000000000007,111.07000000000006,110.13000000000007,110.41000000000007,3180
2026-05-06T17:00:00+00:00,110.41000000000007,110.80000000000007,110.08000000000007,110.75000000000007,2428
2026-05-06T17:15:00+00:00,110.75000000000007,110.99000000000007,110.60000000000007,110.64000000000007,2058
2026-05-06T17:30:00+00:00,110.64000000000007,111.10000000000007,110.30000000000007,110.96000000000006,2342
2026-05-06T17:45:00+00:00,110.96000000000006,111.07000000000006,110.24000000000007,110.45000000000006,2284
2026-05-06T18:00:00+00:00,110.45000000000006,110.62000000000006,110.11000000000007,110.44000000000007,2432
2026-05-06T18:15:00+00:00,110.44000000000007,110.76000000000006,110.28000000000007,110.49000000000007,2173
2026-05-06T18:30:00+00:00,110.49000000000007,111.28000000000007,110.33000000000007,111.12000000000006,2753
2026-05-06T18:45:00+00:00,111.12000000000006,112.10000000000007,111.11000000000007,111.76000000000006,2773
2026-05-06T19:00:00+00:00,111.76000000000006,112.02000000000007,111.26000000000006,111.96000000000006,2887
2026-05-06T19:15:00+00:00,111.96000000000006,112.51000000000006,111.96000000000006,112.28000000000007,2419
2026-05-06T19:30:00+00:00,112.28000000000007,112.44000000000007,111.64000000000007,112.43000000000006,2966
2026-05-06T19:45:00+00:00,112.43000000000006,112.63000000000007,111.84000000000006,112.45000000000006,3976
2026-05-07T13:30:00+00:00,112.45000000000006,113.43000000000006,109.12000000000006,109.60000000000007,6275
2026-05-07T13:45:00+00:00,109.60000000000007,112.27000000000007,108.83000000000007,111.59000000000006,5554
2026-05-07T14:00:00+00:00,111.59000000000006,112.73000000000006,111.53000000000007,112.42000000000006,4938
2026-05-07T14:15:00+00:00,112.42000000000006,114.05000000000007,112.40000000000006,113.41000000000007,5830
2026-05-07T14:30:00+00:00,113.41000000000007,113.70000000000006,112.64000000000007,113.17000000000006,4524
2026-05-07T14:45:00+00:00,113.17000000000006,113.32000000000006,111.97000000000007,112.56000000000006,4450
2026-05-07T15:00:00+00:00,112.56000000000006,112.68000000000006,111.40000000000006,112.00000000000007,4478
2026-05-07T15:15:00+00:00,112.00000000000007,112.52000000000007,111.74000000000007,112.16000000000007,3976
2026-05-07T15:30:00+00:00,112.16000000000007,112.48000000000006,111.47000000000007,111.56000000000006,3538
2026-05-07T15:45:00+00:00,111.56000000000006,111.59000000000006,110.29000000000006,110.52000000000007,4543
2026-05-07T16:00:00+00:00,110.52000000000007,111.03000000000007,110.24000000000007,110.40000000000006,5150
2026-05-07T16:15:00+00:00,110.40000000000006,110.92000000000006,109.74000000000007,110.67000000000006,5210
2026-05-07T16:30:00+00:00,110.67000000000006,111.30000000000007,110.19000000000007,110.33000000000007,3860
2026-05-07T16:45:00+00:00,110.33000000000007,110.85000000000007,110.07000000000006,110.38000000000007,3959
2026-05-07T17:00:00+00:00,110.38000000000007,110.44000000000007,109.03000000000007,109.39000000000007,4061
2026-05-07T17:15:00+00:00,109.39000000000007,110.14000000000007,109.06000000000006,109.56000000000006,5564
2026-05-07T17:30:00+00:00,109.56000000000006,110.86000000000007,109.50000000000007,110.50000000000007,4533
2026-05-07T17:45:00+00:00,110.50000000000007,110.56000000000006,109.67000000000006,110.51000000000006,4060
2026-05-07T18:00:00+00:00,110.51000000000006,110.64000000000007,109.66000000000007,109.74000000000007,3690
2026-05-07T18:15:00+00:00,109.74000000000007,109.87000000000006,108.71000000000006,108.94000000000007,3575
2026-05-07T18:30:00+00:00,108.94000000000007,109.54000000000006,108.79000000000006,109.12000000000006,3824
2026-05-07T18:45:00+00:00,109.12000000000006,109.44000000000007,108.70000000000006,109.09000000000006,4479
2026-05-07T19:00:00+00:00,109.09000000000006,109.62000000000006,108.67000000000006,109.40000000000006,3471
2026-05-07T19:15:00+00:00,109.40000000000006,109.42000000000006,108.76000000000006,108.76000000000006,3532
2026-05-07T19:30:00+00:00,108.76000000000006,109.64000000000007,108.76000000000006,109.60000000000007,3051
2026-05-07T19:45:00+00:00,109.60000000000007,110.38000000000007,108.94000000000007,109.13000000000007,4527
2026-05-08T13:30:00+00:00,109.13000000000007,114.92000000000006,109.13000000000007,114.12000000000006,5951
2026-05-08T13:45:00+00:00,114.12000000000006,114.90000000000006,113.54000000000006,114.43000000000006,5615
2026-05-08T14:00:00+00:00,114.43000000000006,116.82000000000006,114.42000000000006,115.98000000000006,5687
2026-05-08T14:15:00+00:00,115.98000000000006,117.24000000000007,115.64000000000007,115.74000000000007,5127
2026-05-08T14:30:00+00:00,115.74000000000007,116.32000000000006,115.04000000000006,115.56000000000006,4711
2026-05-08T14:45:00+00:00,115.56000000000006,116.32000000000008,115.30000000000007,116.30000000000007,3692.0816142486756
2026-05-08T15:00:00+00:00,116.30000000000007,116.90000000000008,115.67000000000007,116.19000000000007,4340
2026-05-08T15:15:00+00:00,116.19000000000007,116.65000000000008,115.72000000000007,116.14000000000007,4044
2026-05-08T15:30:00+00:00,116.14000000000007,117.61000000000007,115.95000000000007,117.26000000000008,4263
2026-05-08T15:45:00+00:00,117.26000000000008,118.29000000000008,116.97000000000007,117.74000000000007,3820
2026-05-08T16:00:00+00:00,117.74000000000007,118.03000000000007,117.09000000000007,117.31000000000007,3555
2026-05-08T16:15:00+00:00,117.31000000000007,117.37000000000008,116.64000000000007,117.16000000000007,3132
2026-05-08T16:30:00+00:00,117.16000000000007,117.34000000000007,116.54000000000008,116.61000000000007,3156
2026-05-08T16:45:00+00:00,116.61000000000007,126.04000000000008,116.42000000000007,125.94000000000007,8173
2026-05-08T17:00:00+00:00,125.94000000000007,130.09000000000006,125.53000000000007,125.67000000000007,9055
2026-05-08T17:15:00+00:00,125.67000000000007,126.67000000000007,124.05000000000007,126.54000000000008,6759
2026-05-08T17:30:00+00:00,126.54000000000008,127.01000000000008,125.05000000000007,125.45000000000007,5308
2026-05-08T17:45:00+00:00,125.45000000000007,125.92000000000007,124.20000000000007,124.95000000000007,4690
2026-05-08T18:00:00+00:00,124.95000000000007,125.68000000000006,123.81000000000007,124.54000000000008,4658
2026-05-08T18:15:00+00:00,124.54000000000008,124.60000000000007,122.77000000000007,123.70000000000007,4430
2026-05-08T18:30:00+00:00,123.70000000000007,124.19000000000007,123.05000000000007,123.57000000000006,3689
2026-05-08T18:45:00+00:00,123.57000000000006,124.48000000000008,123.32000000000006,123.35000000000007,3894
2026-05-08T19:00:00+00:00,123.35000000000007,124.98000000000008,123.30000000000007,124.65000000000008,3900
2026-05-08T19:15:00+00:00,124.65000000000008,125.23000000000008,123.79000000000008,123.85000000000007,4070
2026-05-08T19:30:00+00:00,123.85000000000007,124.87000000000008,123.78000000000007,124.47000000000007,4157
2026-05-08T19:45:00+00:00,124.47000000000007,124.76000000000008,123.99000000000007,124.46000000000006,5339
2026-05-11T13:30:00+00:00,124.46000000000006,132.23000000000008,124.46000000000006,129.41000000000008,6746
2026-05-11T13:45:00+00:00,129.41000000000008,129.53000000000006,125.74000000000007,125.96000000000006,5364
2026-05-11T14:00:00+00:00,125.96000000000006,128.22000000000008,125.88000000000007,128.01000000000008,5156
2026-05-11T14:15:00+00:00,128.01000000000008,128.67000000000007,123.66000000000007,123.72000000000007,5338
2026-05-11T14:30:00+00:00,123.72000000000007,126.63000000000007,123.47000000000007,125.75000000000007,5277
2026-05-11T14:45:00+00:00,125.75000000000007,126.59000000000007,125.41000000000007,125.58000000000007,4126
2026-05-11T15:00:00+00:00,125.58000000000007,127.82000000000008,125.52000000000007,126.69000000000007,4148
2026-05-11T15:15:00+00:00,126.69000000000007,127.40000000000008,126.27000000000007,126.47000000000007,4218
2026-05-11T15:30:00+00:00,126.47000000000007,126.56000000000007,125.59000000000007,125.71000000000006,3623
2026-05-11T15:45:00+00:00,125.71000000000006,126.79000000000008,125.55000000000007,126.61000000000007,3432
2026-05-11T16:00:00+00:00,126.61000000000007,128.21000000000006,126.59000000000007,127.54000000000008,3874
2026-05-11T16:15:00+00:00,127.54000000000008,127.70000000000007,126.42000000000007,126.47000000000007,2890
2026-05-11T16:30:00+00:00,126.47000000000007,126.70000000000007,125.55000000000007,126.27000000000007,4096
2026-05-11T16:45:00+00:00,126.27000000000007,126.65000000000008,125.42000000000007,125.66000000000007,3529
2026-05-11T17:00:00+00:00,125.66000000000007,126.16000000000007,125.21000000000006,125.33000000000007,2777
2026-05-11T17:15:00+00:00,125.33000000000007,125.85000000000007,124.91000000000007,125.63000000000007,2807
2026-05-11T17:30:00+00:00,125.63000000000007,126.99000000000007,125.21000000000006,126.53000000000007,2673
2026-05-11T17:45:00+00:00,126.53000000000007,127.17000000000007,126.19000000000007,126.35000000000007,2357
2026-05-11T18:00:00+00:00,126.35000000000007,127.19000000000007,126.16000000000007,127.18000000000006,2309
2026-05-11T18:15:00+00:00,127.18000000000006,128.61000000000007,127.16000000000007,128.15000000000006,2599
2026-05-11T18:30:00+00:00,128.15000000000006,128.34000000000006,127.59000000000007,127.59000000000007,2686
2026-05-11T18:45:00+00:00,127.59000000000007,128.00000000000006,126.85000000000007,127.03000000000007,2280
2026-05-11T19:00:00+00:00,127.03000000000007,127.87000000000006,126.98000000000008,127.43000000000006,2577
2026-05-11T19:15:00+00:00,127.43000000000006,127.83000000000007,125.93000000000006,126.04000000000008,2925
2026-05-11T19:30:00+00:00,126.04000000000008,128.67000000000007,125.88000000000007,128.20000000000007,3278
2026-05-11T19:45:00+00:00,128.20000000000007,129.52000000000007,127.69000000000008,129.00000000000006,4044
2026-05-12T13:30:00+00:00,129.00000000000006,129.00000000000006,122.46000000000006,126.27000000000007,5348
2026-05-12T13:45:00+00:00,126.27000000000007,126.52000000000007,122.83000000000007,123.00000000000007,4777
2026-05-12T14:00:00+00:00,123.00000000000007,124.16000000000007,122.52000000000007,123.02000000000007,4614
2026-05-12T14:15:00+00:00,123.02000000000007,123.99000000000007,120.43000000000006,120.53000000000007,4850
2026-05-12T14:30:00+00:00,120.53000000000007,120.81000000000007,118.36000000000007,119.79000000000008,6198
2026-05-12T14:45:00+00:00,119.79000000000008,120.16000000000007,118.04000000000008,118.31000000000007,5195
2026-05-12T15:00:00+00:00,118.31000000000007,118.56000000000007,117.03000000000007,117.11000000000007,4959
2026-05-12T15:15:00+00:00,117.11000000000007,117.80000000000007,115.54000000000008,115.60000000000007,5640
2026-05-12T15:30:00+00:00,115.60000000000007,117.69000000000007,115.59000000000007,116.65000000000008,4208
2026-05-12T15:45:00+00:00,116.65000000000008,117.79000000000008,116.09000000000007,116.18000000000006,3314
2026-05-12T16:00:00+00:00,116.18000000000006,117.94000000000007,116.04000000000008,117.93000000000006,3216
2026-05-12T16:15:00+00:00,117.93000000000006,117.96000000000006,116.24000000000007,116.60000000000007,2942
2026-05-12T16:30:00+00:00,116.60000000000007,116.95000000000007,114.67000000000007,115.02000000000007,3302
2026-05-12T16:45:00+00:00,115.02000000000007,115.49000000000007,114.54000000000008,114.77000000000007,2932
2026-05-12T17:00:00+00:00,114.77000000000007,116.67000000000007,114.77000000000007,116.57000000000006,2774
2026-05-12T17:15:00+00:00,116.57000000000006,117.27000000000007,116.08000000000007,116.64000000000007,3125
2026-05-12T17:30:00+00:00,116.64000000000007,117.16000000000007,115.92000000000007,116.01000000000008,2313
2026-05-12T17:45:00+00:00,116.01000000000008,116.91000000000007,115.80000000000007,116.77000000000007,2242
2026-05-12T18:00:00+00:00,116.77000000000007,117.85000000000007,116.75000000000007,117.47000000000007,2261
2026-05-12T18:15:00+00:00,117.47000000000007,118.53000000000007,117.47000000000007,118.11000000000007,2348
2026-05-12T18:30:00+00:00,118.11000000000007,118.46000000000006,117.67000000000007,117.68000000000006,2266
2026-05-12T18:45:00+00:00,117.68000000000006,118.01000000000008,116.47000000000007,116.72000000000007,2583
2026-05-12T19:00:00+00:00,116.72000000000007,118.46000000000006,116.67000000000007,118.19000000000007,2259
2026-05-12T19:15:00+00:00,118.19000000000007,118.83000000000007,117.68000000000006,117.97000000000007,2240
2026-05-12T19:30:00+00:00,117.97000000000007,119.55000000000007,117.97000000000007,119.14000000000007,2398
2026-05-12T19:45:00+00:00,119.14000000000007,120.29000000000008,119.06000000000007,120.18000000000006,3678
2026-05-13T13:30:00+00:00,120.18000000000006,124.48000000000008,119.23000000000008,119.26000000000008,4876
2026-05-13T13:45:00+00:00,119.26000000000008,119.32000000000006,116.80000000000007,117.98000000000008,5466
2026-05-13T14:00:00+00:00,117.98000000000008,118.22000000000007,115.96000000000006,117.06000000000007,4769
2026-05-13T14:15:00+00:00,117.06000000000007,118.68000000000006,116.54000000000008,118.28000000000007,4206
2026-05-13T14:30:00+00:00,118.28000000000007,120.00000000000007,118.20000000000007,119.89000000000007,3880
2026-05-13T14:45:00+00:00,119.89000000000007,121.22000000000007,119.50000000000007,121.22000000000007,3821.090238764045
2026-05-13T15:00:00+00:00,121.22000000000007,121.42000000000007,120.51000000000008,121.15000000000008,2970
2026-05-13T15:15:00+00:00,121.15000000000008,122.33000000000007,120.54000000000008,120.81000000000007,2939
2026-05-13T15:30:00+00:00,120.81000000000007,120.98000000000008,120.25000000000007,120.70000000000007,2446
2026-05-13T15:45:00+00:00,120.70000000000007,120.74000000000007,119.12000000000008,119.22000000000007,2518
2026-05-13T16:00:00+00:00,119.22000000000007,120.88000000000007,119.11000000000007,120.79000000000008,2415
2026-05-13T16:15:00+00:00,120.79000000000008,121.05000000000007,120.41000000000007,120.99000000000007,2215
2026-05-13T16:30:00+00:00,120.99000000000007,121.04000000000008,120.54000000000008,120.87000000000008,1563
2026-05-13T16:45:00+00:00,120.87000000000008,121.17000000000007,120.62000000000008,120.76000000000008,1767
2026-05-13T17:00:00+00:00,120.76000000000008,121.78000000000007,120.76000000000008,121.60000000000007,1732
2026-05-13T17:15:00+00:00,121.60000000000007,121.81000000000007,121.38000000000007,121.76000000000008,1416
2026-05-13T17:30:00+00:00,121.76000000000008,121.97000000000007,121.55000000000007,121.74000000000007,1504
2026-05-13T17:45:00+00:00,121.74000000000007,122.09000000000007,120.95000000000007,120.98000000000008,1518
2026-05-13T18:00:00+00:00,120.98000000000008,121.62000000000008,120.84000000000007,121.44000000000007,1813
2026-05-13T18:15:00+00:00,121.44000000000007,121.94000000000007,121.36000000000007,121.56000000000007,1773
2026-05-13T18:30:00+00:00,121.56000000000007,121.66000000000007,121.07000000000006,121.36000000000007,1654
2026-05-13T18:45:00+00:00,121.36000000000007,121.36000000000007,120.08000000000007,120.13000000000007,1875
2026-05-13T19:00:00+00:00,120.13000000000007,120.85000000000007,119.88000000000007,120.47000000000007,1944
2026-05-13T19:15:00+00:00,120.47000000000007,120.87000000000008,120.12000000000008,120.18000000000006,1607
2026-05-13T19:30:00+00:00,120.18000000000006,120.40000000000008,119.86000000000007,120.03000000000007,1721
2026-05-13T19:45:00+00:00,120.03000000000007,120.31000000000007,119.34000000000007,119.72000000000007,3145
2026-05-14T13:30:00+00:00,119.72000000000007,119.72000000000007,112.70000000000007,116.68000000000006,5328
2026-05-14T13:45:00+00:00,116.68000000000006,118.08000000000007,115.19000000000007,115.31000000000007,4528
2026-05-14T14:00:00+00:00,115.31000000000007,116.23000000000008,114.24000000000007,115.33000000000007,4420
2026-05-14T14:15:00+00:00,115.33000000000007,115.83000000000007,114.05000000000007,114.40000000000008,3849
2026-05-14T14:30:00+00:00,114.40000000000008,116.00000000000007,114.05000000000007,115.73000000000008,3313
2026-05-14T14:45:00+00:00,115.73000000000008,116.96000000000006,115.58000000000007,115.90000000000008,3565
2026-05-14T15:00:00+00:00,115.90000000000008,116.91000000000007,115.67000000000007,116.52000000000007,2950
2026-05-14T15:15:00+00:00,116.52000000000007,116.88000000000007,115.56000000000007,115.71000000000006,2896
2026-05-14T15:30:00+00:00,115.71000000000006,115.87000000000008,114.99000000000007,115.86000000000007,3103
2026-05-14T15:45:00+00:00,115.86000000000007,116.01000000000008,114.90000000000008,114.90000000000008,2510
2026-05-14T16:00:00+00:00,114.90000000000008,116.33000000000007,114.82000000000006,116.20000000000007,2386
2026-05-14T16:15:00+00:00,116.20000000000007,116.51000000000008,115.65000000000008,115.81000000000007,2498
2026-05-14T16:30:00+00:00,115.81000000000007,116.83000000000007,115.77000000000007,116.56000000000007,2428
2026-05-14T16:45:00+00:00,116.56000000000007,117.25000000000007,116.24000000000007,116.30000000000007,2368
2026-05-14T17:00:00+00:00,116.30000000000007,116.75000000000007,115.20000000000007,115.21000000000006,2487
2026-05-14T17:15:00+00:00,115.21000000000006,115.42000000000007,114.20000000000007,114.47000000000007,4280
2026-05-14T17:30:00+00:00,114.47000000000007,115.16000000000007,114.36000000000007,115.16000000000007,2962
2026-05-14T17:45:00+00:00,115.16000000000007,115.85000000000007,115.03000000000007,115.62000000000008,2218
2026-05-14T18:00:00+00:00,115.62000000000008,117.32000000000006,114.31000000000007,116.39000000000007,3270
2026-05-14T18:15:00+00:00,116.39000000000007,116.82000000000006,115.09000000000007,115.87000000000008,2253
2026-05-14T18:30:00+00:00,115.87000000000008,116.09000000000007,115.39000000000007,115.46000000000006,1818
2026-05-14T18:45:00+00:00,115.46000000000006,116.46000000000006,115.15000000000008,116.12000000000008,2114
2026-05-14T19:00:00+00:00,116.12000000000008,116.30000000000007,115.18000000000006,115.31000000000007,2126
2026-05-14T19:15:00+00:00,115.31000000000007,115.69000000000007,115.07000000000006,115.15000000000008,2063
2026-05-14T19:30:00+00:00,115.15000000000008,115.87000000000008,115.09000000000007,115.54000000000008,2491
2026-05-14T19:45:00+00:00,115.54000000000008,115.92000000000007,115.06000000000007,115.43000000000006,3353
2026-05-15T13:30:00+00:00,115.43000000000006,115.43000000000006,106.96000000000006,107.51000000000008,7853
2026-05-15T13:45:00+00:00,107.51000000000008,108.54000000000008,106.42000000000007,106.51000000000008,6623
2026-05-15T14:00:00+00:00,106.51000000000008,108.53000000000007,106.30000000000007,108.45000000000007,6145
2026-05-15T14:15:00+00:00,108.45000000000007,110.11000000000007,107.99000000000007,108.67000000000007,6043
2026-05-15T14:30:00+00:00,108.67000000000007,109.36000000000007,107.95000000000007,109.04000000000008,4560
2026-05-15T14:45:00+00:00,109.04000000000008,109.04000000000008,107.06000000000006,107.19000000000007,4712.078615982111
2026-05-15T15:00:00+00:00,107.19000000000007,108.36000000000007,107.12000000000008,108.04000000000008,4130
2026-05-15T15:15:00+00:00,108.04000000000008,108.47000000000007,107.61000000000007,108.15000000000008,3892
2026-05-15T15:30:00+00:00,108.15000000000008,108.98000000000008,108.01000000000008,108.14000000000007,4082
2026-05-15T15:45:00+00:00,108.14000000000007,108.56000000000007,107.51000000000008,108.19000000000007,3915
2026-05-15T16:00:00+00:00,108.19000000000007,108.71000000000008,107.68000000000008,108.02000000000007,3575
2026-05-15T16:15:00+00:00,108.02000000000007,108.11000000000007,107.49000000000008,107.66000000000007,3000
2026-05-15T16:30:00+00:00,107.66000000000007,107.83000000000007,107.20000000000007,107.65000000000008,2728
2026-05-15T16:45:00+00:00,107.65000000000008,107.96000000000008,107.21000000000008,107.39000000000007,2860
2026-05-15T17:00:00+00:00,107.39000000000007,107.79000000000008,107.19000000000007,107.71000000000008,2204
2026-05-15T17:15:00+00:00,107.71000000000008,108.75000000000007,107.56000000000007,108.62000000000008,2639
2026-05-15T17:30:00+00:00,108.62000000000008,109.44000000000007,108.62000000000008,109.14000000000007,2785
2026-05-15T17:45:00+00:00,109.14000000000007,109.43000000000008,108.74000000000008,109.26000000000008,2488
2026-05-15T18:00:00+00:00,109.26000000000008,109.95000000000007,109.16000000000007,109.66000000000007,2643
2026-05-15T18:15:00+00:00,109.66000000000007,109.76000000000008,108.78000000000007,109.05000000000007,3062
2026-05-15T18:30:00+00:00,109.05000000000007,109.34000000000007,108.56000000000007,109.25000000000007,3079
2026-05-15T18:45:00+00:00,109.25000000000007,109.48000000000008,108.95000000000007,109.26000000000008,2464
2026-05-15T19:00:00+00:00,109.26000000000008,109.33000000000007,108.41000000000007,108.63000000000007,2581
2026-05-15T19:15:00+00:00,108.63000000000007,109.13000000000007,107.96000000000008,108.07000000000008,2800
2026-05-15T19:30:00+00:00,108.07000000000008,108.76000000000008,108.02000000000007,108.32000000000008,2946
2026-05-15T19:45:00+00:00,108.32000000000008,108.82000000000008,107.90000000000008,108.15000000000008,4656
2026-05-18T13:30:00+00:00,108.15000000000008,114.99000000000008,108.15000000000008,108.76000000000008,6899
2026-05-18T13:45:00+00:00,108.76000000000008,109.85000000000008,107.76000000000008,109.09000000000007,6493
2026-05-18T14:00:00+00:00,109.09000000000007,109.31000000000007,106.81000000000007,109.27000000000007,6118
2026-05-18T14:15:00+00:00,109.27000000000007,109.36000000000007,106.73000000000008,106.91000000000007,4776
2026-05-18T14:30:00+00:00,106.91000000000007,107.39000000000007,105.84000000000007,106.65000000000008,6291
2026-05-18T14:45:00+00:00,106.65000000000008,107.56000000000007,105.70000000000007,107.21000000000008,5338
2026-05-18T15:00:00+00:00,107.21000000000008,108.35000000000008,107.03000000000007,107.78000000000007,5109
2026-05-18T15:15:00+00:00,107.78000000000007,107.92000000000007,106.09000000000007,106.20000000000007,4327
2026-05-18T15:30:00+00:00,106.20000000000007,107.24000000000008,106.06000000000007,106.79000000000008,4572
2026-05-18T15:45:00+00:00,106.79000000000008,107.13000000000007,106.10000000000008,106.40000000000008,3965
2026-05-18T16:00:00+00:00,106.40000000000008,106.48000000000008,105.52000000000007,105.57000000000008,4261
2026-05-18T16:15:00+00:00,105.57000000000008,105.75000000000007,103.34000000000007,104.26000000000008,5123
2026-05-18T16:30:00+00:00,104.26000000000008,105.58000000000007,104.02000000000007,105.44000000000007,4478
2026-05-18T16:45:00+00:00,105.44000000000007,106.22000000000007,105.10000000000008,106.00000000000007,4067
2026-05-18T17:00:00+00:00,106.00000000000007,106.22000000000007,105.52000000000007,105.82000000000008,3722
2026-05-18T17:15:00+00:00,105.82000000000008,106.46000000000008,105.68000000000008,106.32000000000008,3530
2026-05-18T17:30:00+00:00,106.32000000000008,106.68000000000008,105.94000000000007,106.34000000000007,3733
2026-05-18T17:45:00+00:00,106.34000000000007,106.36000000000007,105.70000000000007,106.20000000000007,3056
2026-05-18T18:00:00+00:00,106.20000000000007,106.47000000000007,105.39000000000007,105.65000000000008,3990
2026-05-18T18:15:00+00:00,105.65000000000008,105.73000000000008,105.00000000000007,105.52000000000007,4380
2026-05-18T18:30:00+00:00,105.52000000000007,105.90000000000008,105.08000000000007,105.65000000000008,3878
2026-05-18T18:45:00+00:00,105.65000000000008,106.22000000000007,105.22000000000007,106.09000000000007,3882
2026-05-18T19:00:00+00:00,106.09000000000007,107.71000000000008,106.01000000000008,106.95000000000007,5778
2026-05-18T19:15:00+00:00,106.95000000000007,107.09000000000007,105.84000000000007,105.94000000000007,4269
2026-05-18T19:30:00+00:00,105.94000000000007,107.02000000000007,105.79000000000008,106.94000000000007,4180
2026-05-18T19:45:00+00:00,106.94000000000007,107.99000000000008,106.82000000000008,107.55000000000007,5555
2026-05-19T13:30:00+00:00,107.55000000000007,108.90000000000008,105.05000000000007,106.56000000000007,6294
2026-05-19T13:45:00+00:00,106.56000000000007,108.05000000000007,105.73000000000008,106.42000000000007,4768
2026-05-19T14:00:00+00:00,106.42000000000007,106.72000000000007,102.86000000000007,103.04000000000008,5341
2026-05-19T14:15:00+00:00,103.04000000000008,103.53000000000007,101.89000000000007,102.83000000000007,5926
2026-05-19T14:30:00+00:00,102.83000000000007,103.86000000000007,102.49000000000008,103.33000000000007,5101
2026-05-19T14:45:00+00:00,103.33000000000007,104.34000000000007,102.85000000000008,104.24000000000008,4923
2026-05-19T15:00:00+00:00,104.24000000000008,104.85000000000008,103.52000000000007,104.82000000000008,4596
2026-05-19T15:15:00+00:00,104.82000000000008,105.78000000000007,104.66000000000007,104.99000000000008,4708
2026-05-19T15:30:00+00:00,104.99000000000008,106.70000000000007,104.89000000000007,106.38000000000007,4370
2026-05-19T15:45:00+00:00,106.38000000000007,106.50000000000007,105.67000000000007,106.47000000000007,4343
2026-05-19T16:00:00+00:00,106.47000000000007,107.49000000000008,106.45000000000007,107.01000000000008,4328
2026-05-19T16:15:00+00:00,107.01000000000008,108.32000000000008,106.92000000000007,108.26000000000008,4055
2026-05-19T16:30:00+00:00,108.26000000000008,109.90000000000008,108.20000000000007,109.77000000000007,4517
2026-05-19T16:45:00+00:00,109.77000000000007,110.29000000000008,109.34000000000007,109.61000000000007,4167
2026-05-19T17:00:00+00:00,109.61000000000007,110.99000000000008,109.39000000000007,110.80000000000007,3676
2026-05-19T17:15:00+00:00,110.80000000000007,111.76000000000008,110.60000000000008,111.16000000000007,4440
2026-05-19T17:30:00+00:00,111.16000000000007,111.77000000000007,111.08000000000007,111.28000000000007,3955
2026-05-19T17:45:00+00:00,111.28000000000007,111.35000000000008,110.24000000000008,111.23000000000008,4405
2026-05-19T18:00:00+00:00,111.23000000000008,112.12000000000008,111.20000000000007,111.56000000000007,3469
2026-05-19T18:15:00+00:00,111.56000000000007,111.95000000000007,110.74000000000008,111.31000000000007,3980
2026-05-19T18:30:00+00:00,111.31000000000007,111.67000000000007,110.85000000000008,111.12000000000008,3735
2026-05-19T18:45:00+00:00,111.12000000000008,111.34000000000007,110.10000000000008,110.54000000000008,3698
2026-05-19T19:00:00+00:00,110.54000000000008,112.54000000000008,110.47000000000007,112.20000000000007,4153
2026-05-19T19:15:00+00:00,112.20000000000007,112.23000000000008,110.65000000000008,111.22000000000007,3984
2026-05-19T19:30:00+00:00,111.22000000000007,111.80000000000007,110.14000000000007,110.34000000000007,4157
2026-05-19T19:45:00+00:00,110.34000000000007,110.54000000000008,109.36000000000007,110.38000000000007,6219
2026-05-20T13:30:00+00:00,110.38000000000007,119.58000000000007,110.38000000000007,116.86000000000007,7717
2026-05-20T13:45:00+00:00,116.86000000000007,118.17000000000007,116.04000000000008,118.14000000000007,6414
2026-05-20T14:00:00+00:00,118.14000000000007,121.41000000000007,117.96000000000008,118.96000000000008,7457
2026-05-20T14:15:00+00:00,118.96000000000008,119.63000000000007,118.13000000000007,119.49000000000008,6155
2026-05-20T14:30:00+00:00,119.49000000000008,119.85000000000008,116.90000000000008,117.63000000000007,5588
2026-05-20T14:45:00+00:00,117.63000000000007,117.91000000000007,116.19000000000008,116.23000000000008,4867.498993750662
2026-05-20T15:00:00+00:00,116.23000000000008,117.18000000000006,115.96000000000006,116.35000000000007,4310
2026-05-20T15:15:00+00:00,116.35000000000007,117.40000000000006,116.29000000000006,116.63000000000007,5643
2026-05-20T15:30:00+00:00,116.63000000000007,117.75000000000007,116.58000000000007,117.19000000000007,4082
2026-05-20T15:45:00+00:00,117.19000000000007,118.04000000000006,117.19000000000007,117.45000000000007,3728
2026-05-20T16:00:00+00:00,117.45000000000007,117.52000000000007,115.63000000000007,115.64000000000007,3658
2026-05-20T16:15:00+00:00,115.64000000000007,115.73000000000008,114.31000000000007,115.14000000000007,4833
2026-05-20T16:30:00+00:00,115.14000000000007,115.82000000000006,115.09000000000007,115.63000000000007,4385
2026-05-20T16:45:00+00:00,115.63000000000007,116.09000000000007,115.37000000000008,115.77000000000007,3740
2026-05-20T17:00:00+00:00,115.77000000000007,116.49000000000007,115.49000000000007,116.39000000000007,3643
2026-05-20T17:15:00+00:00,116.39000000000007,116.68000000000006,115.99000000000007,116.65000000000006,3405
2026-05-20T17:30:00+00:00,116.65000000000006,117.04000000000006,116.25000000000007,116.74000000000007,3741
2026-05-20T17:45:00+00:00,116.74000000000007,117.49000000000007,116.60000000000007,117.36000000000007,3135
2026-05-20T18:00:00+00:00,117.36000000000007,117.77000000000007,117.10000000000007,117.21000000000006,3697
2026-05-20T18:15:00+00:00,117.21000000000006,117.83000000000007,117.16000000000007,117.53000000000007,3178
2026-05-20T18:30:00+00:00,117.53000000000007,118.00000000000007,117.43000000000006,117.52000000000007,3266
2026-05-20T18:45:00+00:00,117.52000000000007,117.79000000000006,117.27000000000007,117.40000000000006,3009
2026-05-20T19:00:00+00:00,117.40000000000006,118.38000000000007,117.39000000000007,118.00000000000007,2971
2026-05-20T19:15:00+00:00,118.00000000000007,118.45000000000007,117.71000000000006,117.91000000000007,2782
2026-05-20T19:30:00+00:00,117.91000000000007,118.32000000000006,117.74000000000007,117.94000000000007,3202
2026-05-20T19:45:00+00:00,117.94000000000007,118.61000000000007,117.85000000000007,118.55000000000007,4544
2026-05-21T13:30:00+00:00,118.55000000000007,118.55000000000007,113.16000000000007,115.19000000000007,5435
2026-05-21T13:45:00+00:00,115.19000000000007,116.93000000000006,114.94000000000007,116.46000000000006,4756
2026-05-21T14:00:00+00:00,116.46000000000006,116.98000000000008,114.69000000000007,114.75000000000007,4451
2026-05-21T14:15:00+00:00,114.75000000000007,114.80000000000007,112.67000000000007,113.57000000000006,5331
2026-05-21T14:30:00+00:00,113.57000000000006,115.17000000000007,113.57000000000006,114.88000000000007,4130
2026-05-21T14:45:00+00:00,114.88000000000007,114.90000000000006,113.81000000000007,114.88000000000007,3583
2026-05-21T15:00:00+00:00,114.88000000000007,115.71000000000006,114.57000000000006,115.69000000000007,3623
2026-05-21T15:15:00+00:00,115.69000000000007,116.24000000000007,115.33000000000007,115.86000000000007,3253
2026-05-21T15:30:00+00:00,115.86000000000007,116.43000000000006,115.22000000000007,116.07000000000006,3448
2026-05-21T15:45:00+00:00,116.07000000000006,116.56000000000007,116.03000000000007,116.33000000000007,2965
2026-05-21T16:00:00+00:00,116.33000000000007,117.52000000000007,116.29000000000006,116.73000000000008,3169
2026-05-21T16:15:00+00:00,116.73000000000008,116.83000000000007,116.07000000000006,116.14000000000007,2831
2026-05-21T16:30:00+00:00,116.14000000000007,117.07000000000006,116.08000000000007,116.95000000000007,2799
2026-05-21T16:45:00+00:00,116.95000000000007,117.10000000000007,116.01000000000008,116.41000000000007,2333
2026-05-21T17:00:00+00:00,116.41000000000007,117.59000000000007,116.41000000000007,117.37000000000008,2753
2026-05-21T17:15:00+00:00,117.37000000000008,117.92000000000007,116.91000000000007,117.35000000000007,3742
2026-05-21T17:30:00+00:00,117.35000000000007,118.51000000000008,117.33000000000007,118.33000000000007,2925
2026-05-21T17:45:00+00:00,118.33000000000007,118.92000000000007,118.09000000000007,118.09000000000007,3109
2026-05-21T18:00:00+00:00,118.09000000000007,118.58000000000007,117.93000000000006,117.99000000000007,3081
2026-05-21T18:15:00+00:00,117.99000000000007,118.49000000000007,117.84000000000007,118.32000000000006,2556
2026-05-21T18:30:00+00:00,118.32000000000006,118.50000000000007,118.03000000000007,118.18000000000006,2407
2026-05-21T18:45:00+00:00,118.18000000000006,118.30000000000007,116.71000000000006,117.03000000000007,3640
2026-05-21T19:00:00+00:00,117.03000000000007,117.58000000000007,117.02000000000007,117.54000000000006,2998
2026-05-21T19:15:00+00:00,117.54000000000006,117.75000000000007,117.37000000000008,117.67000000000007,2364
2026-05-21T19:30:00+00:00,117.67000000000007,117.89000000000007,117.39000000000007,117.43000000000006,2817
2026-05-21T19:45:00+00:00,117.43000000000006,118.22000000000007,117.23000000000008,118.04000000000006,4476
2026-05-22T13:30:00+00:00,118.04000000000006,120.75000000000007,118.04000000000006,118.91000000000007,5278
2026-05-22T13:45:00+00:00,118.91000000000007,119.73000000000008,117.58000000000007,119.71000000000006,3830
2026-05-22T14:00:00+00:00,119.71000000000006,121.24000000000007,118.20000000000007,121.20000000000007,4241
2026-05-22T14:15:00+00:00,121.20000000000007,121.94000000000007,119.38000000000007,121.23000000000008,4590
2026-05-22T14:30:00+00:00,121.23000000000008,122.26000000000008,120.96000000000006,121.23000000000008,4478
2026-05-22T14:45:00+00:00,121.23000000000008,121.48000000000008,120.78000000000007,121.19000000000007,4192.55309218203
2026-05-22T15:00:00+00:00,121.19000000000007,121.82000000000006,120.95000000000007,121.70000000000007,3423
2026-05-22T15:15:00+00:00,121.70000000000007,121.82000000000006,120.34000000000007,120.67000000000007,3433
2026-05-22T15:30:00+00:00,120.67000000000007,121.10000000000007,120.51000000000008,120.80000000000007,2841
2026-05-22T15:45:00+00:00,120.80000000000007,120.81000000000007,120.14000000000007,120.46000000000006,2661
2026-05-22T16:00:00+00:00,120.46000000000006,120.87000000000008,119.99000000000007,120.74000000000007,2650
2026-05-22T16:15:00+00:00,120.74000000000007,120.81000000000007,120.08000000000007,120.37000000000008,2331
2026-05-22T16:30:00+00:00,120.37000000000008,120.43000000000006,119.65000000000008,119.81000000000007,2634
2026-05-22T16:45:00+00:00,119.81000000000007,120.52000000000007,119.69000000000007,120.39000000000007,2481
2026-05-22T17:00:00+00:00,120.39000000000007,121.16000000000007,120.38000000000007,120.89000000000007,2824
2026-05-22T17:15:00+00:00,120.89000000000007,121.09000000000007,120.52000000000007,120.72000000000007,3178
2026-05-22T17:30:00+00:00,120.72000000000007,121.02000000000007,120.25000000000007,120.45000000000007,3276
2026-05-22T17:45:00+00:00,120.45000000000007,120.85000000000007,120.24000000000007,120.68000000000006,2659
2026-05-22T18:00:00+00:00,120.68000000000006,121.06000000000007,120.45000000000007,120.60000000000007,2822
2026-05-22T18:15:00+00:00,120.60000000000007,120.81000000000007,120.15000000000008,120.19000000000007,2324
2026-05-22T18:30:00+00:00,120.19000000000007,120.35000000000007,119.82000000000006,120.27000000000007,2562
2026-05-22T18:45:00+00:00,120.27000000000007,120.31000000000007,119.74000000000007,119.91000000000007,2252
2026-05-22T19:00:00+00:00,119.91000000000007,120.00000000000007,119.18000000000006,119.52000000000007,3833
2026-05-22T19:15:00+00:00,119.52000000000007,119.54000000000008,119.10000000000007,119.19000000000007,3452
2026-05-22T19:30:00+00:00,119.19000000000007,119.47000000000007,119.07000000000006,119.14000000000007,3154
2026-05-22T19:45:00+00:00,119.14000000000007,119.47000000000007,118.74000000000007,119.30000000000007,4415
2026-05-26T13:30:00+00:00,119.30000000000007,122.41000000000007,116.89000000000007,121.24000000000007,6154
2026-05-26T13:45:00+00:00,121.24000000000007,125.14000000000007,120.90000000000008,124.36000000000007,5872
2026-05-26T14:00:00+00:00,124.36000000000007,124.68000000000006,120.43000000000006,121.59000000000007,5303
2026-05-26T14:15:00+00:00,121.59000000000007,121.90000000000008,120.76000000000008,120.89000000000007,4189
2026-05-26T14:30:00+00:00,120.89000000000007,123.41000000000007,120.89000000000007,122.39000000000007,3932
2026-05-26T14:45:00+00:00,122.39000000000007,123.51000000000008,122.29000000000008,122.57000000000006,3906
2026-05-26T15:00:00+00:00,122.57000000000006,123.42000000000007,122.08000000000007,122.53000000000007,4060
2026-05-26T15:15:00+00:00,122.53000000000007,122.90000000000008,121.77000000000007,122.26000000000008,3725
2026-05-26T15:30:00+00:00,122.26000000000008,122.72000000000007,121.44000000000007,121.67000000000007,4235
2026-05-26T15:45:00+00:00,121.67000000000007,121.80000000000007,120.42000000000007,120.70000000000007,4651
2026-05-26T16:00:00+00:00,120.70000000000007,121.54000000000008,120.44000000000007,120.95000000000007,3488
2026-05-26T16:15:00+00:00,120.95000000000007,121.53000000000007,120.86000000000007,121.24000000000007,2276
2026-05-26T16:30:00+00:00,121.24000000000007,121.41000000000007,120.23000000000008,120.27000000000007,2464
2026-05-26T16:45:00+00:00,120.27000000000007,120.70000000000007,120.09000000000007,120.51000000000008,2687
2026-05-26T17:00:00+00:00,120.51000000000008,121.09000000000007,119.88000000000007,120.37000000000008,2479
2026-05-26T17:15:00+00:00,120.37000000000008,120.89000000000007,120.25000000000007,120.89000000000007,2334
2026-05-26T17:30:00+00:00,120.89000000000007,121.86000000000007,120.69000000000007,121.58000000000007,2802
2026-05-26T17:45:00+00:00,121.58000000000007,122.14000000000007,121.58000000000007,121.83000000000007,2016
2026-05-26T18:00:00+00:00,121.83000000000007,122.24000000000007,121.47000000000007,121.95000000000007,2282
2026-05-26T18:15:00+00:00,121.95000000000007,122.13000000000007,121.54000000000008,121.99000000000007,2156
2026-05-26T18:30:00+00:00,121.99000000000007,122.24000000000007,121.60000000000007,121.88000000000007,2042
2026-05-26T18:45:00+00:00,121.88000000000007,122.20000000000007,121.66000000000007,121.79000000000008,2153
2026-05-26T19:00:00+00:00,121.79000000000008,122.36000000000007,121.34000000000007,122.27000000000007,2583
2026-05-26T19:15:00+00:00,122.27000000000007,122.91000000000007,122.12000000000008,122.71000000000006,2223
2026-05-26T19:30:00+00:00,122.71000000000006,122.96000000000006,122.37000000000008,122.67000000000007,2392
2026-05-26T19:45:00+00:00,122.67000000000007,123.83000000000007,122.51000000000008,123.07000000000006,4119
2026-05-27T13:30:00+00:00,123.07000000000006,124.77000000000007,117.08000000000007,117.23000000000008,6351
2026-05-27T13:45:00+00:00,117.23000000000008,119.93000000000006,116.61000000000007,119.52000000000007,5640
2026-05-27T14:00:00+00:00,119.52000000000007,120.13000000000007,118.34000000000007,118.42000000000007,4230
2026-05-27T14:15:00+00:00,118.42000000000007,119.61000000000007,116.95000000000007,117.32000000000006,4456
2026-05-27T14:30:00+00:00,117.32000000000006,119.32000000000006,116.84000000000007,119.02000000000007,3982
2026-05-27T14:45:00+00:00,119.02000000000007,119.94000000000007,117.71000000000008,117.90000000000008,3458.1996587030717
2026-05-27T15:00:00+00:00,117.90000000000008,118.59000000000007,117.46000000000008,118.14000000000009,3540
2026-05-27T15:15:00+00:00,118.14000000000009,118.35000000000008,117.35000000000008,118.32000000000008,4149
2026-05-27T15:30:00+00:00,118.32000000000008,118.59000000000007,117.26000000000008,117.59000000000007,3861
2026-05-27T15:45:00+00:00,117.59000000000007,118.32000000000008,117.37000000000008,118.16000000000008,3655
2026-05-27T16:00:00+00:00,118.16000000000008,119.14000000000009,117.95000000000007,119.09000000000007,3548
2026-05-27T16:15:00+00:00,119.09000000000007,119.14000000000009,118.26000000000008,118.38000000000008,3279
2026-05-27T16:30:00+00:00,118.38000000000008,119.54000000000008,118.14000000000009,119.23000000000008,2626
2026-05-27T16:45:00+00:00,119.23000000000008,119.70000000000007,118.58000000000008,118.78000000000009,2876
2026-05-27T17:00:00+00:00,118.78000000000009,118.98000000000008,117.77000000000008,118.03000000000009,3341
2026-05-27T17:15:00+00:00,118.03000000000009,118.84000000000007,117.92000000000009,118.80000000000008,2391
2026-05-27T17:30:00+00:00,118.80000000000008,119.11000000000008,118.46000000000008,118.55000000000008,2473
2026-05-27T17:45:00+00:00,118.55000000000008,119.17000000000009,118.52000000000008,118.84000000000007,2376
2026-05-27T18:00:00+00:00,118.84000000000007,119.12000000000008,118.58000000000008,118.85000000000008,2267
2026-05-27T18:15:00+00:00,118.85000000000008,119.72000000000008,118.62000000000008,119.72000000000008,2031
2026-05-27T18:30:00+00:00,119.72000000000008,119.99000000000008,119.53000000000009,119.69000000000008,2397
2026-05-27T18:45:00+00:00,119.69000000000008,120.16000000000008,119.60000000000008,119.76000000000008,2209
2026-05-27T19:00:00+00:00,119.76000000000008,120.04000000000008,119.38000000000008,119.42000000000009,2213
2026-05-27T19:15:00+00:00,119.42000000000009,120.01000000000008,119.35000000000008,119.86000000000008,2260
2026-05-27T19:30:00+00:00,119.86000000000008,120.43000000000008,119.84000000000007,120.25000000000009,2335
2026-05-27T19:45:00+00:00,120.25000000000009,121.40000000000008,119.98000000000008,121.37000000000008,3380
2026-05-28T13:30:00+00:00,121.37000000000008,122.59000000000007,118.91000000000008,119.05000000000008,4309
2026-05-28T13:45:00+00:00,119.05000000000008,119.20000000000007,116.98000000000008,117.34000000000007,4633
2026-05-28T14:00:00+00:00,117.34000000000007,118.34000000000007,115.87000000000008,118.00000000000009,5377
2026-05-28T14:15:00+00:00,118.00000000000009,118.12000000000008,116.71000000000008,117.01000000000008,4493
2026-05-28T14:30:00+00:00,117.01000000000008,117.98000000000008,116.60000000000008,117.86000000000008,3670
2026-05-28T14:45:00+00:00,117.86000000000008,119.38000000000008,117.58000000000008,119.21000000000008,3638
2026-05-28T15:00:00+00:00,119.21000000000008,120.14000000000009,119.06000000000009,119.80000000000008,3762
2026-05-28T15:15:00+00:00,119.80000000000008,121.55000000000008,119.65000000000008,121.16000000000008,3450
2026-05-28T15:30:00+00:00,121.16000000000008,121.70000000000007,120.44000000000008,120.47000000000008,3417
2026-05-28T15:45:00+00:00,120.47000000000008,120.63000000000008,120.07000000000008,120.23000000000008,2717
2026-05-28T16:00:00+00:00,120.23000000000008,120.48000000000008,119.72000000000008,119.94000000000008,2613
2026-05-28T16:15:00+00:00,119.94000000000008,120.59000000000007,119.86000000000008,120.19000000000008,2306
2026-05-28T16:30:00+00:00,120.19000000000008,120.92000000000009,119.81000000000009,120.62000000000008,2423
2026-05-28T16:45:00+00:00,120.62000000000008,120.99000000000008,120.34000000000007,120.77000000000008,2205
2026-05-28T17:00:00+00:00,120.77000000000008,121.49000000000008,120.77000000000008,121.10000000000008,2350
2026-05-28T17:15:00+00:00,121.10000000000008,121.29000000000008,120.21000000000008,120.30000000000008,2160
2026-05-28T17:30:00+00:00,120.30000000000008,120.50000000000009,119.96000000000008,120.33000000000008,2178
2026-05-28T17:45:00+00:00,120.33000000000008,120.43000000000008,119.71000000000008,119.90000000000008,1826
2026-05-28T18:00:00+00:00,119.90000000000008,120.03000000000009,119.66000000000008,119.68000000000008,1933
2026-05-28T18:15:00+00:00,119.68000000000008,120.63000000000008,119.66000000000008,120.23000000000008,2205
2026-05-28T18:30:00+00:00,120.23000000000008,120.46000000000008,119.99000000000008,120.44000000000008,1777
2026-05-28T18:45:00+00:00,120.44000000000008,121.40000000000008,120.27000000000008,121.00000000000009,2631
2026-05-28T19:00:00+00:00,121.00000000000009,121.00000000000009,120.01000000000008,120.02000000000008,2288
2026-05-28T19:15:00+00:00,120.02000000000008,120.37000000000008,119.62000000000008,120.30000000000008,2078
2026-05-28T19:30:00+00:00,120.30000000000008,120.52000000000008,120.00000000000009,120.47000000000008,2158
2026-05-28T19:45:00+00:00,120.47000000000008,120.79000000000008,120.16000000000008,120.36000000000008,3744
2026-05-29T13:30:00+00:00,120.36000000000008,126.15000000000008,120.36000000000008,120.98000000000008,5007
2026-05-29T13:45:00+00:00,120.98000000000008,122.40000000000008,120.22000000000008,121.51000000000008,3866
2026-05-29T14:00:00+00:00,121.51000000000008,122.11000000000008,120.10000000000008,121.39000000000009,3723
2026-05-29T14:15:00+00:00,121.39000000000009,121.50000000000009,119.25000000000009,119.73000000000008,4192
2026-05-29T14:30:00+00:00,119.73000000000008,120.10000000000008,117.33000000000008,117.36000000000008,4480
2026-05-29T14:45:00+00:00,117.36000000000008,119.20000000000007,117.22000000000008,118.81000000000007,4578.809955958895
2026-05-29T15:00:00+00:00,118.81000000000007,118.91000000000008,117.32000000000008,118.24000000000008,3020
2026-05-29T15:15:00+00:00,118.24000000000008,118.62000000000008,117.72000000000008,118.45000000000007,2470
2026-05-29T15:30:00+00:00,118.45000000000007,118.71000000000008,117.68000000000008,117.69000000000008,2410
2026-05-29T15:45:00+00:00,117.69000000000008,117.87000000000008,117.16000000000008,117.30000000000008,2340
2026-05-29T16:00:00+00:00,117.30000000000008,118.31000000000007,117.30000000000008,117.72000000000008,1963
2026-05-29T16:15:00+00:00,117.72000000000008,118.16000000000008,117.62000000000008,118.15000000000008,1787
2026-05-29T16:30:00+00:00,118.15000000000008,118.19000000000008,117.70000000000007,117.97000000000008,1943
2026-05-29T16:45:00+00:00,117.97000000000008,118.48000000000008,117.63000000000008,117.97000000000008,1818
2026-05-29T17:00:00+00:00,117.97000000000008,118.22000000000008,117.43000000000008,117.64000000000007,1660
2026-05-29T17:15:00+00:00,117.64000000000007,117.86000000000007,117.39000000000007,117.62000000000008,1734
2026-05-29T17:30:00+00:00,117.62000000000008,117.64000000000007,116.63000000000008,116.82000000000008,1784
2026-05-29T17:45:00+00:00,116.82000000000008,116.93000000000008,116.30000000000008,116.49000000000008,1973
2026-05-29T18:00:00+00:00,116.49000000000008,117.03000000000007,116.46000000000008,116.67000000000007,2005
2026-05-29T18:15:00+00:00,116.67000000000007,117.36000000000007,116.56000000000007,117.27000000000008,1563
2026-05-29T18:30:00+00:00,117.27000000000008,117.65000000000008,117.27000000000008,117.55000000000008,1712
2026-05-29T18:45:00+00:00,117.55000000000008,117.72000000000008,117.28000000000007,117.49000000000008,2005
2026-05-29T19:00:00+00:00,117.49000000000008,117.82000000000008,117.39000000000007,117.64000000000007,1607
2026-05-29T19:15:00+00:00,117.64000000000007,118.10000000000008,117.41000000000008,118.06000000000007,1619
2026-05-29T19:30:00+00:00,118.06000000000007,118.89000000000007,117.61000000000007,118.74000000000008,2311
2026-05-29T19:45:00+00:00,118.74000000000008,119.05000000000008,113.03000000000007,114.15000000000008,4247
2026-06-01T13:30:00+00:00,114.15000000000008,114.15000000000008,105.79000000000008,110.16000000000008,7311
2026-06-01T13:45:00+00:00,110.16000000000008,110.40000000000008,106.30000000000008,106.37000000000008,6689
2026-06-01T14:00:00+00:00,106.37000000000008,107.93000000000008,106.20000000000007,107.38000000000008,5887
2026-06-01T14:15:00+00:00,107.38000000000008,109.51000000000008,106.94000000000008,109.23000000000008,5006
2026-06-01T14:30:00+00:00,109.23000000000008,110.45000000000007,109.09000000000007,109.76000000000008,4444
2026-06-01T14:45:00+00:00,109.76000000000008,110.93000000000008,109.39000000000007,110.51000000000008,3896
2026-06-01T15:00:00+00:00,110.51000000000008,111.45000000000007,109.77000000000008,110.52000000000008,3891
2026-06-01T15:15:00+00:00,110.52000000000008,112.23000000000008,110.50000000000007,112.17000000000007,3665
2026-06-01T15:30:00+00:00,112.17000000000007,112.76000000000008,111.52000000000008,111.73000000000008,4033
2026-06-01T15:45:00+00:00,111.73000000000008,111.88000000000008,110.44000000000008,110.44000000000008,2909
2026-06-01T16:00:00+00:00,110.44000000000008,110.76000000000008,109.97000000000008,110.07000000000008,3004
2026-06-01T16:15:00+00:00,110.07000000000008,110.18000000000008,109.58000000000008,109.71000000000008,2894
2026-06-01T16:30:00+00:00,109.71000000000008,110.34000000000007,109.58000000000008,110.16000000000008,2726
2026-06-01T16:45:00+00:00,110.16000000000008,110.92000000000007,109.83000000000008,110.75000000000007,2661
2026-06-01T17:00:00+00:00,110.75000000000007,110.79000000000008,109.79000000000008,109.92000000000007,2780
2026-06-01T17:15:00+00:00,109.92000000000007,110.12000000000008,109.64000000000007,110.10000000000008,2201
2026-06-01T17:30:00+00:00,110.10000000000008,110.67000000000007,109.52000000000008,110.53000000000007,3008
2026-06-01T17:45:00+00:00,110.53000000000007,110.97000000000008,109.78000000000007,109.96000000000008,2548
2026-06-01T18:00:00+00:00,109.96000000000008,110.11000000000007,108.98000000000008,109.13000000000008,3056
2026-06-01T18:15:00+00:00,109.13000000000008,109.51000000000008,108.75000000000007,109.38000000000008,2528
2026-06-01T18:30:00+00:00,109.38000000000008,109.79000000000008,109.11000000000007,109.18000000000008,2153
2026-06-01T18:45:00+00:00,109.18000000000008,109.25000000000007,108.88000000000008,108.94000000000008,1946
2026-06-01T19:00:00+00:00,108.94000000000008,109.01000000000008,107.67000000000007,107.68000000000008,2823
2026-06-01T19:15:00+00:00,107.68000000000008,107.92000000000007,107.19000000000008,107.38000000000008,2920
2026-06-01T19:30:00+00:00,107.38000000000008,108.00000000000007,107.09000000000007,108.00000000000007,2911
2026-06-01T19:45:00+00:00,108.00000000000007,108.93000000000008,107.95000000000007,108.73000000000008,4063
2026-06-02T13:30:00+00:00,108.73000000000008,108.73000000000008,103.66000000000008,105.28000000000007,6899
2026-06-02T13:45:00+00:00,105.28000000000007,106.56000000000007,104.73000000000008,106.52000000000008,4661
2026-06-02T14:00:00+00:00,106.52000000000008,107.30000000000008,105.46000000000008,105.60000000000008,4170
2026-06-02T14:15:00+00:00,105.60000000000008,106.13000000000008,104.95000000000007,105.42000000000007,4212
2026-06-02T14:30:00+00:00,105.42000000000007,107.19000000000008,105.31000000000007,107.19000000000008,3600
2026-06-02T14:45:00+00:00,107.19000000000008,108.40000000000008,107.03000000000007,108.09000000000007,3716
2026-06-02T15:00:00+00:00,108.09000000000007,108.23000000000008,107.23000000000008,107.92000000000007,2941
2026-06-02T15:15:00+00:00,107.92000000000007,108.31000000000007,107.44000000000008,108.20000000000007,2743
2026-06-02T15:30:00+00:00,108.20000000000007,108.21000000000008,107.28000000000007,107.33000000000008,2447
2026-06-02T15:45:00+00:00,107.33000000000008,108.47000000000008,106.87000000000008,107.79000000000008,2654
2026-06-02T16:00:00+00:00,107.79000000000008,107.89000000000007,107.44000000000008,107.51000000000008,2259
2026-06-02T16:15:00+00:00,107.51000000000008,107.54000000000008,106.97000000000008,107.14000000000007,2441
2026-06-02T16:30:00+00:00,107.14000000000007,107.72000000000008,107.14000000000007,107.22000000000008,2070
2026-06-02T16:45:00+00:00,107.22000000000008,107.33000000000008,106.85000000000008,107.05000000000008,1984
2026-06-02T17:00:00+00:00,107.05000000000008,107.26000000000008,106.49000000000008,106.49000000000008,2033
2026-06-02T17:15:00+00:00,106.49000000000008,106.53000000000007,105.99000000000008,106.28000000000007,2106
2026-06-02T17:30:00+00:00,106.28000000000007,106.33000000000008,105.76000000000008,106.19000000000008,1924
2026-06-02T17:45:00+00:00,106.19000000000008,106.37000000000008,105.96000000000008,106.28000000000007,1599
2026-06-02T18:00:00+00:00,106.28000000000007,106.68000000000008,106.05000000000008,106.63000000000008,1723
2026-06-02T18:15:00+00:00,106.63000000000008,107.19000000000008,106.44000000000008,107.14000000000007,1604
2026-06-02T18:30:00+00:00,107.14000000000007,107.23000000000008,106.29000000000008,106.56000000000007,1854
2026-06-02T18:45:00+00:00,106.56000000000007,106.74000000000008,106.47000000000008,106.59000000000007,1299
2026-06-02T19:00:00+00:00,106.59000000000007,107.19000000000008,106.58000000000008,106.78000000000007,1695
2026-06-02T19:15:00+00:00,106.78000000000007,106.91000000000008,106.60000000000008,106.68000000000008,1491
2026-06-02T19:30:00+00:00,106.68000000000008,106.84000000000007,106.33000000000008,106.63000000000008,1783
2026-06-02T19:45:00+00:00,106.63000000000008,107.45000000000007,106.51000000000008,107.37000000000008,3110
2026-06-03T13:30:00+00:00,107.37000000000008,117.71000000000008,107.37000000000008,114.63000000000008,6459
2026-06-03T13:45:00+00:00,114.63000000000008,115.11000000000007,112.01000000000008,113.19000000000008,6704
2026-06-03T14:00:00+00:00,113.19000000000008,114.33000000000008,112.98000000000008,114.10000000000008,4996
2026-06-03T14:15:00+00:00,114.10000000000008,114.64000000000007,112.91000000000008,113.86000000000007,4253
2026-06-03T14:30:00+00:00,113.86000000000007,113.96000000000008,112.51000000000008,112.99000000000008,4075
2026-06-03T14:45:00+00:00,112.99000000000008,113.53000000000007,110.99000000000008,111.21000000000008,3877.5504547423125
2026-06-03T15:00:00+00:00,111.21000000000008,112.50000000000007,111.09000000000007,112.38000000000008,3712
2026-06-03T15:15:00+00:00,112.38000000000008,112.62000000000008,111.55000000000008,112.22000000000008,3658
2026-06-03T15:30:00+00:00,112.22000000000008,112.96000000000008,112.00000000000007,112.10000000000008,3460
2026-06-03T15:45:00+00:00,112.10000000000008,112.51000000000008,111.47000000000008,111.72000000000008,3052
2026-06-03T16:00:00+00:00,111.72000000000008,111.92000000000007,111.02000000000008,111.48000000000008,2984
2026-06-03T16:15:00+00:00,111.48000000000008,111.67000000000007,110.33000000000008,110.77000000000008,3014
2026-06-03T16:30:00+00:00,110.77000000000008,111.73000000000008,110.73000000000008,110.95000000000007,2733
2026-06-03T16:45:00+00:00,110.95000000000007,111.78000000000007,110.94000000000008,111.72000000000008,2317
2026-06-03T17:00:00+00:00,111.72000000000008,111.76000000000008,110.58000000000008,111.13000000000008,2347
2026-06-03T17:15:00+00:00,111.13000000000008,111.31000000000007,110.63000000000008,111.20000000000007,2155
2026-06-03T17:30:00+00:00,111.20000000000007,111.42000000000007,110.67000000000007,111.32000000000008,1893
2026-06-03T17:45:00+00:00,111.32000000000008,111.91000000000008,111.02000000000008,111.81000000000007,2372
2026-06-03T18:00:00+00:00,111.81000000000007,112.10000000000008,111.43000000000008,111.52000000000008,2251
2026-06-03T18:15:00+00:00,111.52000000000008,112.45000000000007,111.36000000000007,112.36000000000007,2123
2026-06-03T18:30:00+00:00,112.36000000000007,112.42000000000007,111.44000000000008,111.93000000000008,2398
2026-06-03T18:45:00+00:00,111.93000000000008,112.23000000000008,111.54000000000008,111.70000000000007,1954
2026-06-03T19:00:00+00:00,111.70000000000007,112.40000000000008,111.39000000000007,111.57000000000008,2158
2026-06-03T19:15:00+00:00,111.57000000000008,111.63000000000008,110.79000000000008,111.23000000000008,2202
2026-06-03T19:30:00+00:00,111.23000000000008,112.31000000000007,111.16000000000008,112.12000000000008,2601
2026-06-03T19:45:00+00:00,112.12000000000008,112.34000000000007,111.69000000000008,112.10000000000008,4234
2026-06-04T13:30:00+00:00,112.10000000000008,112.10000000000008,107.34000000000007,108.61000000000007,4621
2026-06-04T13:45:00+00:00,108.61000000000007,109.79000000000008,107.72000000000008,107.76000000000008,5381
2026-06-04T14:00:00+00:00,107.76000000000008,108.90000000000008,106.94000000000008,108.62000000000008,6023
2026-06-04T14:15:00+00:00,108.62000000000008,109.71000000000008,108.36000000000007,109.68000000000008,5543
2026-06-04T14:30:00+00:00,109.68000000000008,109.81000000000007,108.54000000000008,108.55000000000008,4478
2026-06-04T14:45:00+00:00,108.55000000000008,109.49000000000008,108.47000000000008,109.37000000000008,3769
2026-06-04T15:00:00+00:00,109.37000000000008,109.97000000000008,109.19000000000008,109.65000000000008,4388
2026-06-04T15:15:00+00:00,109.65000000000008,109.96000000000008,109.25000000000007,109.33000000000008,3905
2026-06-04T15:30:00+00:00,109.33000000000008,110.19000000000008,109.11000000000007,109.46000000000008,3116
2026-06-04T15:45:00+00:00,109.46000000000008,109.98000000000008,108.71000000000008,109.96000000000008,3848
2026-06-04T16:00:00+00:00,109.96000000000008,110.12000000000008,109.72000000000008,109.73000000000008,2810
2026-06-04T16:15:00+00:00,109.73000000000008,110.72000000000008,109.68000000000008,110.66000000000008,2531
2026-06-04T16:30:00+00:00,110.66000000000008,110.68000000000008,110.10000000000008,110.27000000000008,2924
2026-06-04T16:45:00+00:00,110.27000000000008,110.51000000000008,110.14000000000007,110.29000000000008,2223
2026-06-04T17:00:00+00:00,110.29000000000008,110.97000000000008,109.95000000000007,110.89000000000007,2195
2026-06-04T17:15:00+00:00,110.89000000000007,111.24000000000008,110.68000000000008,110.90000000000008,2475
2026-06-04T17:30:00+00:00,110.90000000000008,111.23000000000008,110.72000000000008,111.20000000000007,2367
2026-06-04T17:45:00+00:00,111.20000000000007,111.55000000000008,111.00000000000007,111.46000000000008,1892
2026-06-04T18:00:00+00:00,111.46000000000008,112.59000000000007,111.28000000000007,112.20000000000007,2727
2026-06-04T18:15:00+00:00,112.20000000000007,112.29000000000008,111.59000000000007,111.88000000000008,2239
2026-06-04T18:30:00+00:00,111.88000000000008,112.06000000000007,111.17000000000007,111.42000000000007,2462
2026-06-04T18:45:00+00:00,111.42000000000007,111.84000000000007,111.23000000000008,111.53000000000007,2183
2026-06-04T19:00:00+00:00,111.53000000000007,112.12000000000008,111.50000000000007,111.73000000000008,2182
2026-06-04T19:15:00+00:00,111.73000000000008,111.99000000000008,110.88000000000008,111.91000000000008,2632
2026-06-04T19:30:00+00:00,111.91000000000008,112.15000000000008,110.74000000000008,110.91000000000008,2817
2026-06-04T19:45:00+00:00,110.91000000000008,111.39000000000007,110.60000000000008,111.14000000000007,5023
2026-06-05T13:30:00+00:00,111.14000000000007,111.14000000000007,104.22000000000008,104.60000000000008,6616
2026-06-05T13:45:00+00:00,104.60000000000008,104.98000000000008,103.19000000000008,103.24000000000008,6809.15985095482
2026-06-05T14:00:00+00:00,103.24000000000008,104.36000000000006,103.2100000000001,104.33000000000008,6167.168762048744
2026-06-05T14:15:00+00:00,104.33000000000008,105.0900000000001,103.47000000000007,103.67000000000007,4679.919073923759
2026-06-05T14:30:00+00:00,103.67000000000007,106.6000000000001,103.53000000000007,106.12000000000009,4079.7522377798155
2026-06-05T14:45:00+00:00,106.12000000000009,106.5200000000001,105.89000000000009,106.17000000000007,4202.953127226184
2026-06-05T15:00:00+00:00,106.17000000000007,106.17000000000007,104.96000000000008,105.04000000000008,3716.5777243969087
2026-06-05T15:15:00+00:00,105.04000000000008,105.38000000000008,104.06000000000009,104.20000000000009,4098.173393554781
2026-06-05T15:30:00+00:00,104.20000000000009,104.37000000000009,103.41000000000008,103.89000000000009,5056
2026-06-05T15:45:00+00:00,103.89000000000009,104.25000000000009,103.14000000000009,103.90000000000008,4407
2026-06-05T16:00:00+00:00,103.90000000000008,103.93000000000008,103.12000000000009,103.30000000000008,4688
2026-06-05T16:15:00+00:00,103.30000000000008,103.47000000000008,102.76000000000009,102.96000000000008,5005
2026-06-05T16:30:00+00:00,102.96000000000008,103.11000000000008,102.07000000000008,102.26000000000009,5428
2026-06-05T16:45:00+00:00,102.26000000000009,103.43000000000008,101.83000000000008,103.11000000000008,6578
2026-06-05T17:00:00+00:00,103.11000000000008,103.12000000000009,102.02000000000008,102.34000000000009,5134
2026-06-05T17:15:00+00:00,102.34000000000009,102.72000000000008,101.81000000000009,102.71000000000008,4808
2026-06-05T17:30:00+00:00,102.71000000000008,103.16000000000008,101.94000000000008,102.04000000000008,4180
2026-06-05T17:45:00+00:00,102.04000000000008,103.06000000000009,101.92000000000009,103.02000000000008,3759
2026-06-05T18:00:00+00:00,103.02000000000008,103.15000000000008,101.73000000000009,101.93000000000008,4213
2026-06-05T18:15:00+00:00,101.93000000000008,101.99000000000008,101.26000000000009,101.62000000000009,4997
2026-06-05T18:30:00+00:00,101.62000000000009,101.70000000000009,100.43000000000008,100.82000000000008,4498
2026-06-05T18:45:00+00:00,100.82000000000008,101.19000000000008,99.70000000000009,101.15000000000008,6396
2026-06-05T19:00:00+00:00,101.15000000000008,101.24000000000008,99.90000000000008,100.19000000000008,5560
2026-06-05T19:15:00+00:00,100.19000000000008,100.93000000000008,99.66000000000008,100.92000000000009,5675
2026-06-05T19:30:00+00:00,100.92000000000009,101.10000000000008,100.16000000000008,100.67000000000009,6092
2026-06-05T19:45:00+00:00,100.67000000000009,101.07000000000008,98.66000000000008,99.23000000000009,5361
2026-06-08T13:30:00+00:00,99.23000000000009,111.15000000000008,99.23000000000009,109.45000000000009,7364
2026-06-08T13:45:00+00:00,109.45000000000009,110.21000000000008,107.05000000000008,107.11000000000008,7207
2026-06-08T14:00:00+00:00,107.11000000000008,109.03000000000009,106.88000000000008,108.71000000000008,7184
2026-06-08T14:15:00+00:00,108.71000000000008,110.25000000000009,107.59000000000009,109.96000000000008,6257
2026-06-08T14:30:00+00:00,109.96000000000008,110.98000000000009,109.72000000000008,110.29000000000008,5584
2026-06-08T14:45:00+00:00,110.29000000000008,111.36000000000008,110.13000000000008,111.10000000000008,5051
2026-06-08T15:00:00+00:00,111.10000000000008,112.27000000000008,111.07000000000008,112.15000000000008,4740
2026-06-08T15:15:00+00:00,112.15000000000008,112.63000000000008,111.34000000000009,111.48000000000009,4994
2026-06-08T15:30:00+00:00,111.48000000000009,112.20000000000009,110.95000000000009,112.20000000000009,5234
2026-06-08T15:45:00+00:00,112.20000000000009,112.36000000000008,111.50000000000009,111.62000000000009,4637
2026-06-08T16:00:00+00:00,111.62000000000009,112.51000000000009,111.62000000000009,112.06000000000009,4106
2026-06-08T16:15:00+00:00,112.06000000000009,112.34000000000009,111.51000000000009,111.62000000000009,3672
2026-06-08T16:30:00+00:00,111.62000000000009,111.88000000000008,110.97000000000008,111.15000000000008,4137
2026-06-08T16:45:00+00:00,111.15000000000008,111.60000000000008,110.93000000000008,111.10000000000008,3303
2026-06-08T17:00:00+00:00,111.10000000000008,111.20000000000009,110.13000000000008,110.43000000000008,4680
2026-06-08T17:15:00+00:00,110.43000000000008,111.13000000000008,110.11000000000008,111.12000000000009,3509
2026-06-08T17:30:00+00:00,111.12000000000009,111.74000000000008,110.58000000000008,111.25000000000009,4347
2026-06-08T17:45:00+00:00,111.25000000000009,111.96000000000008,111.21000000000008,111.72000000000008,3404
2026-06-08T18:00:00+00:00,111.72000000000008,112.76000000000009,111.72000000000008,112.35000000000008,3561
2026-06-08T18:15:00+00:00,112.35000000000008,112.66000000000008,112.07000000000008,112.50000000000009,2600
2026-06-08T18:30:00+00:00,112.50000000000009,112.81000000000009,112.06000000000009,112.11000000000008,2954
2026-06-08T18:45:00+00:00,112.11000000000008,112.40000000000008,112.07000000000008,112.18000000000008,2615
2026-06-08T19:00:00+00:00,112.18000000000008,112.27000000000008,110.92000000000009,110.92000000000009,4098
2026-06-08T19:15:00+00:00,110.92000000000009,111.03000000000009,110.22000000000008,110.79000000000008,4202
2026-06-08T19:30:00+00:00,110.79000000000008,111.24000000000008,109.90000000000008,109.98000000000009,4386
2026-06-08T19:45:00+00:00,109.98000000000009,110.60000000000008,109.41000000000008,110.50000000000009,4977
2026-06-09T13:30:00+00:00,110.50000000000009,114.24000000000008,110.50000000000009,112.43000000000008,7177
2026-06-09T13:45:00+00:00,112.43000000000008,112.80000000000008,111.56000000000009,111.98000000000009,7414
2026-06-09T14:00:00+00:00,111.98000000000009,112.66000000000008,110.55000000000008,110.60000000000008,7919
2026-06-09T14:15:00+00:00,110.60000000000008,111.25000000000009,109.18000000000008,109.67000000000009,9950
2026-06-09T14:30:00+00:00,109.67000000000009,110.29000000000008,108.87000000000009,108.87000000000009,9542
2026-06-09T14:45:00+00:00,108.87000000000009,109.22000000000008,107.66000000000008,108.75000000000009,9414
2026-06-09T15:00:00+00:00,108.75000000000009,109.82000000000008,108.10000000000008,109.31000000000009,4033
2026-06-09T15:15:00+00:00,109.31000000000009,109.50000000000009,105.87000000000009,105.90000000000008,4494
2026-06-09T15:30:00+00:00,105.90000000000008,106.90000000000008,105.56000000000009,106.31000000000009,7309
2026-06-09T15:45:00+00:00,106.31000000000009,106.72000000000008,103.73000000000009,104.00000000000009,7357
2026-06-09T16:00:00+00:00,104.00000000000009,104.52000000000008,102.29000000000008,102.65000000000008,4916
2026-06-09T16:15:00+00:00,102.65000000000008,102.74000000000008,100.95000000000009,102.07000000000008,4836
2026-06-09T16:30:00+00:00,102.07000000000008,102.32000000000008,99.71000000000008,100.50000000000009,8552
2026-06-09T16:45:00+00:00,100.50000000000009,101.63000000000008,99.82000000000008,101.51000000000009,9799
2026-06-09T17:00:00+00:00,101.51000000000009,103.78000000000009,101.36000000000008,103.57000000000008,10084
2026-06-09T17:15:00+00:00,103.57000000000008,104.92000000000009,103.12000000000009,104.50000000000009,9167
2026-06-09T17:30:00+00:00,104.50000000000009,105.80000000000008,104.25000000000009,105.49000000000008,8105
2026-06-09T17:45:00+00:00,105.49000000000008,105.67000000000009,103.90000000000008,105.05000000000008,8894
2026-06-09T18:00:00+00:00,105.05000000000008,105.35000000000008,104.34000000000009,105.23000000000009,7387
2026-06-09T18:15:00+00:00,105.23000000000009,106.26000000000009,104.97000000000008,106.21000000000008,7300
2026-06-09T18:30:00+00:00,106.21000000000008,106.96000000000008,106.05000000000008,106.08000000000008,7463
2026-06-09T18:45:00+00:00,106.08000000000008,107.41000000000008,105.96000000000008,107.25000000000009,6814
2026-06-09T19:00:00+00:00,107.25000000000009,108.03000000000009,106.38000000000008,106.46000000000008,7599
2026-06-09T19:15:00+00:00,106.46000000000008,106.64000000000009,105.08000000000008,106.52000000000008,9368
2026-06-09T19:30:00+00:00,106.52000000000008,106.95000000000009,105.65000000000008,106.47000000000008,9176
2026-06-09T19:45:00+00:00,106.47000000000008,108.32000000000008,105.78000000000009,108.25000000000009,7515
2026-06-10T13:30:00+00:00,108.25000000000009,110.38000000000008,105.98000000000009,110.18000000000008,6524
2026-06-10T13:45:00+00:00,110.18000000000008,111.74000000000008,107.96000000000008,108.15000000000008,8589
2026-06-10T14:00:00+00:00,108.15000000000008,109.24000000000008,107.56000000000009,108.45000000000009,7458
2026-06-10T14:15:00+00:00,108.45000000000009,110.00000000000009,108.12000000000009,109.24000000000008,6412
2026-06-10T14:30:00+00:00,109.24000000000008,111.23000000000009,109.06000000000009,109.87000000000009,7285
2026-06-10T14:45:00+00:00,109.87000000000009,110.23000000000009,107.42000000000009,107.98000000000008,7058.016145537237
2026-06-10T15:00:00+00:00,107.98000000000008,108.62000000000008,106.44000000000007,106.64000000000007,7486
2026-06-10T15:15:00+00:00,106.64000000000007,107.65000000000006,105.61000000000007,106.93000000000006,8149
2026-06-10T15:30:00+00:00,106.93000000000006,107.51000000000008,106.51000000000008,107.35000000000007,7425
2026-06-10T15:45:00+00:00,107.35000000000007,107.82000000000006,105.56000000000007,107.63000000000007,8304
2026-06-10T16:00:00+00:00,107.63000000000007,107.97000000000007,106.10000000000007,106.29000000000006,6943
2026-06-10T16:15:00+00:00,106.29000000000006,106.51000000000008,105.81000000000007,106.10000000000007,6305
2026-06-10T16:30:00+00:00,106.10000000000007,107.14000000000007,105.84000000000007,106.25000000000007,6729
2026-06-10T16:45:00+00:00,106.25000000000007,106.25000000000007,105.53000000000007,105.80000000000007,6352
2026-06-10T17:00:00+00:00,105.80000000000007,106.36000000000007,105.16000000000007,105.36000000000007,5861
2026-06-10T17:15:00+00:00,105.36000000000007,105.86000000000007,105.21000000000006,105.80000000000007,5576
2026-06-10T17:30:00+00:00,105.80000000000007,106.13000000000007,105.35000000000007,105.77000000000007,5701
2026-06-10T17:45:00+00:00,105.77000000000007,107.29000000000006,105.71000000000006,107.14000000000007,6653
2026-06-10T18:00:00+00:00,107.14000000000007,107.63000000000007,106.94000000000007,107.19000000000007,5156
2026-06-10T18:15:00+00:00,107.19000000000007,107.38000000000007,106.26000000000008,106.43000000000006,5184
2026-06-10T18:30:00+00:00,106.43000000000006,106.94000000000007,106.02000000000007,106.84000000000007,4919
2026-06-10T18:45:00+00:00,106.84000000000007,107.44000000000007,106.77000000000007,107.17000000000007,5169
2026-06-10T19:00:00+00:00,107.17000000000007,108.14000000000007,106.67000000000007,107.51000000000008,5305
2026-06-10T19:15:00+00:00,107.51000000000008,107.52000000000007,106.21000000000006,106.87000000000008,5995
2026-06-10T19:30:00+00:00,106.87000000000008,107.93000000000006,106.73000000000008,107.36000000000007,6122
2026-06-10T19:45:00+00:00,107.36000000000007,108.17000000000007,106.87000000000008,107.34000000000007,6232
2026-06-11T13:30:00+00:00,107.34000000000007,117.82000000000006,107.34000000000007,117.58000000000007,11035
2026-06-11T13:45:00+00:00,117.58000000000007,118.72000000000007,117.05000000000007,117.50000000000007,10986
2026-06-11T14:00:00+00:00,117.50000000000007,119.68000000000006,116.66000000000007,116.88000000000007,10464
2026-06-11T14:15:00+00:00,116.88000000000007,117.18000000000006,114.50000000000007,115.35000000000007,10308
2026-06-11T14:30:00+00:00,115.35000000000007,115.98000000000008,114.36000000000007,114.84000000000007,8466
2026-06-11T14:45:00+00:00,114.84000000000007,115.54000000000006,112.39000000000007,112.59000000000007,8682
2026-06-11T15:00:00+00:00,112.59000000000007,113.49000000000007,112.09000000000007,113.25000000000007,8907
2026-06-11T15:15:00+00:00,113.25000000000007,113.80000000000007,111.86000000000007,112.26000000000008,7738
2026-06-11T15:30:00+00:00,112.26000000000008,113.78000000000007,112.24000000000007,112.73000000000008,7559
2026-06-11T15:45:00+00:00,112.73000000000008,113.42000000000007,112.40000000000006,113.21000000000006,6968
2026-06-11T16:00:00+00:00,113.21000000000006,113.78000000000007,113.01000000000008,113.47000000000007,6576
2026-06-11T16:15:00+00:00,113.47000000000007,113.72000000000007,112.56000000000007,112.70000000000007,6115
2026-06-11T16:30:00+00:00,112.70000000000007,113.64000000000007,112.48000000000008,112.66000000000007,5979
2026-06-11T16:45:00+00:00,112.66000000000007,112.66000000000007,111.38000000000007,111.39000000000007,5383
2026-06-11T17:00:00+00:00,111.39000000000007,112.03000000000007,111.18000000000006,111.33000000000007,6416
2026-06-11T17:15:00+00:00,111.33000000000007,113.43000000000006,110.78000000000007,113.38000000000007,5989
2026-06-11T17:30:00+00:00,113.38000000000007,115.53000000000007,113.38000000000007,115.37000000000008,5611
2026-06-11T17:45:00+00:00,115.37000000000008,115.53000000000007,114.42000000000007,115.46000000000006,4234
2026-06-11T18:00:00+00:00,115.46000000000006,115.75000000000007,113.49000000000007,114.38000000000007,3974
2026-06-11T18:15:00+00:00,114.38000000000007,114.63000000000007,113.53000000000007,114.49000000000007,3389
2026-06-11T18:30:00+00:00,114.49000000000007,115.49000000000007,114.32000000000006,115.38000000000007,3394
2026-06-11T18:45:00+00:00,115.38000000000007,116.22000000000007,115.33000000000007,116.03000000000007,3395
2026-06-11T19:00:00+00:00,116.03000000000007,117.53000000000007,115.64000000000007,117.42000000000007,3807
2026-06-11T19:15:00+00:00,117.42000000000007,118.09000000000007,117.25000000000007,117.80000000000007,3148
2026-06-11T19:30:00+00:00,117.80000000000007,118.65000000000006,117.77000000000007,118.08000000000007,4833
2026-06-11T19:45:00+00:00,118.08000000000007,118.42000000000007,117.02000000000007,117.21000000000006,5418
2026-06-12T13:30:00+00:00,117.21000000000006,120.68000000000006,115.59000000000007,119.32000000000006,6623
2026-06-12T13:45:00+00:00,119.32000000000006,121.32000000000006,118.01000000000008,119.90000000000006,6073
2026-06-12T14:00:00+00:00,119.90000000000006,122.73000000000008,119.90000000000006,122.68000000000006,5011
2026-06-12T14:15:00+00:00,122.68000000000006,123.21000000000006,121.33000000000007,121.49000000000007,4154
2026-06-12T14:30:00+00:00,121.49000000000007,122.69000000000007,121.00000000000007,121.07000000000006,4042
2026-06-12T14:45:00+00:00,121.07000000000006,123.68000000000006,120.69000000000007,123.34000000000006,4915.2743747734685
2026-06-12T15:00:00+00:00,123.34000000000006,123.68000000000006,122.68000000000006,123.54000000000006,4161
2026-06-12T15:15:00+00:00,123.54000000000006,123.70000000000006,122.85000000000007,123.40000000000006,3374
2026-06-12T15:30:00+00:00,123.40000000000006,123.90000000000006,122.01000000000006,122.20000000000006,4368
2026-06-12T15:45:00+00:00,122.20000000000006,122.94000000000007,121.24000000000007,121.65000000000006,5692
2026-06-12T16:00:00+00:00,121.65000000000006,125.24000000000007,121.51000000000006,125.06000000000006,6456
2026-06-12T16:15:00+00:00,125.06000000000006,125.59000000000006,123.83000000000007,124.00000000000006,5723
2026-06-12T16:30:00+00:00,124.00000000000006,125.31000000000006,123.98000000000006,124.99000000000007,4491
2026-06-12T16:45:00+00:00,124.99000000000007,125.89000000000006,124.74000000000007,125.30000000000007,4072
2026-06-12T17:00:00+00:00,125.30000000000007,126.00000000000006,125.15000000000006,125.86000000000006,3982
2026-06-12T17:15:00+00:00,125.86000000000006,127.21000000000006,125.75000000000006,127.08000000000007,3919
2026-06-12T17:30:00+00:00,127.08000000000007,127.81000000000006,126.38000000000007,127.42000000000006,4304
2026-06-12T17:45:00+00:00,127.42000000000006,127.93000000000006,126.16000000000007,126.81000000000006,3867
2026-06-12T18:00:00+00:00,126.81000000000006,126.84000000000006,125.14000000000006,125.35000000000007,4150
2026-06-12T18:15:00+00:00,125.35000000000007,126.36000000000006,125.04000000000006,126.29000000000006,4128
2026-06-12T18:30:00+00:00,126.29000000000006,126.43000000000006,125.58000000000007,126.01000000000006,3306
2026-06-12T18:45:00+00:00,126.01000000000006,126.20000000000006,124.86000000000006,125.24000000000007,3728
2026-06-12T19:00:00+00:00,125.24000000000007,126.06000000000006,125.09000000000006,125.53000000000006,3432
2026-06-12T19:15:00+00:00,125.53000000000006,126.04000000000006,125.15000000000006,125.34000000000006,3392
2026-06-12T19:30:00+00:00,125.34000000000006,125.87000000000006,124.67000000000006,125.24000000000007,5068
2026-06-12T19:45:00+00:00,125.24000000000007,125.49000000000007,124.63000000000007,124.94000000000007,3894
2026-06-15T13:30:00+00:00,124.94000000000007,131.74000000000007,124.94000000000007,131.11000000000007,6656
2026-06-15T13:45:00+00:00,131.11000000000007,132.91000000000005,130.13000000000005,130.22000000000006,5376
2026-06-15T14:00:00+00:00,130.22000000000006,131.23000000000008,129.22000000000006,129.65000000000006,5118
2026-06-15T14:15:00+00:00,129.65000000000006,129.65000000000006,128.15000000000003,129.03000000000006,4471
2026-06-15T14:30:00+00:00,129.03000000000006,129.20000000000007,127.95000000000005,127.96000000000005,4128
2026-06-15T14:45:00+00:00,127.96000000000005,129.05000000000004,127.46000000000005,128.58000000000004,3700
2026-06-15T15:00:00+00:00,128.58000000000004,129.11000000000004,128.33000000000004,128.96000000000004,3067
2026-06-15T15:15:00+00:00,128.96000000000004,130.23000000000005,128.30000000000004,129.37000000000003,3176
2026-06-15T15:30:00+00:00,129.37000000000003,129.73000000000005,128.57000000000002,128.57000000000002,3229
2026-06-15T15:45:00+00:00,128.57000000000002,128.80000000000004,128.35000000000002,128.66000000000003,2820
2026-06-15T16:00:00+00:00,128.66000000000003,128.73000000000005,127.99000000000001,128.45000000000002,2746
2026-06-15T16:15:00+00:00,128.45000000000002,128.62999999999997,128.11,128.45,2209
2026-06-15T16:30:00+00:00,128.45,128.59999999999997,127.83999999999997,128.49999999999997,2343
2026-06-15T16:45:00+00:00,128.49999999999997,128.89999999999998,127.90999999999998,128.03999999999996,2303
2026-06-15T17:00:00+00:00,128.03999999999996,128.48999999999995,127.90999999999993,128.02999999999992,2264
2026-06-15T17:15:00+00:00,128.02999999999992,128.11999999999992,126.99999999999991,127.66999999999992,2393
2026-06-15T17:30:00+00:00,127.66999999999992,128.04999999999993,127.57999999999993,127.76999999999992,1763
2026-06-15T17:45:00+00:00,127.76999999999992,128.78999999999994,127.61999999999992,128.49999999999994,2058
2026-06-15T18:00:00+00:00,128.49999999999994,128.53999999999994,127.85999999999991,128.23999999999992,2050
2026-06-15T18:15:00+00:00,128.23999999999992,128.6299999999999,128.08999999999992,128.27999999999992,1912
2026-06-15T18:30:00+00:00,128.27999999999992,128.55999999999995,128.09999999999994,128.38999999999993,1809
2026-06-15T18:45:00+00:00,128.38999999999993,128.55999999999995,127.74999999999989,127.91999999999989,1754
2026-06-15T19:00:00+00:00,127.91999999999989,128.4199999999999,127.63999999999987,128.2599999999999,2593
2026-06-15T19:15:00+00:00,128.2599999999999,128.63999999999996,128.19999999999993,128.43999999999994,2323
2026-06-15T19:30:00+00:00,128.43999999999994,129.02999999999994,128.35999999999996,128.52999999999994,2805
2026-06-15T19:45:00+00:00,128.52999999999994,128.64,127.49999999999994,128.2199999999999,3786
2026-06-16T13:30:00+00:00,128.2199999999999,128.41999999999993,125.24999999999991,126.83999999999993,5627
2026-06-16T13:45:00+00:00,126.83999999999993,129.00999999999996,126.67999999999994,126.90999999999995,5457
2026-06-16T14:00:00+00:00,126.90999999999995,127.27999999999994,124.61999999999995,125.53999999999995,5482
2026-06-16T14:15:00+00:00,125.53999999999995,125.55999999999995,122.30999999999995,122.30999999999995,6149
2026-06-16T14:30:00+00:00,122.30999999999995,122.52999999999994,120.26999999999995,122.07999999999996,6126
2026-06-16T14:45:00+00:00,122.07999999999996,122.07999999999996,119.83999999999995,120.39999999999995,5055
2026-06-16T15:00:00+00:00,120.39999999999995,121.77999999999994,120.27999999999994,121.06999999999995,5313
2026-06-16T15:15:00+00:00,121.06999999999995,121.39999999999995,119.45999999999995,120.06999999999995,4955
2026-06-16T15:30:00+00:00,120.06999999999995,120.32999999999996,118.99999999999994,119.38999999999994,5230
2026-06-16T15:45:00+00:00,119.38999999999994,120.62999999999995,118.40999999999995,120.02999999999994,6247
2026-06-16T16:00:00+00:00,120.02999999999994,121.06999999999995,119.97999999999995,120.47999999999995,5020
2026-06-16T16:15:00+00:00,120.47999999999995,121.14999999999995,120.26999999999995,120.89999999999995,4098
2026-06-16T16:30:00+00:00,120.89999999999995,121.43999999999996,120.04999999999995,121.27999999999994,5293
2026-06-16T16:45:00+00:00,121.27999999999994,121.36999999999995,119.95999999999995,120.41999999999994,3900
2026-06-16T17:00:00+00:00,120.41999999999994,120.43999999999996,119.85999999999994,120.06999999999995,3469
2026-06-16T17:15:00+00:00,120.06999999999995,120.30999999999995,119.82999999999996,120.09999999999995,3118
2026-06-16T17:30:00+00:00,120.09999999999995,120.49999999999994,119.65999999999995,120.18999999999996,3145
2026-06-16T17:45:00+00:00,120.18999999999996,121.44999999999995,120.05999999999995,120.87999999999995,3200
2026-06-16T18:00:00+00:00,120.87999999999995,121.07999999999996,120.66999999999994,120.70999999999995,2617
2026-06-16T18:15:00+00:00,120.70999999999995,120.77999999999994,119.92999999999995,120.16999999999994,2920
2026-06-16T18:30:00+00:00,120.16999999999994,120.24999999999994,119.54999999999995,119.92999999999995,3050
2026-06-16T18:45:00+00:00,119.92999999999995,119.99999999999994,119.18999999999996,119.66999999999994,2974
2026-06-16T19:00:00+00:00,119.66999999999994,120.56999999999995,119.06999999999995,119.11999999999995,4273
2026-06-16T19:15:00+00:00,119.11999999999995,120.05999999999995,118.54999999999995,120.02999999999994,5050
2026-06-16T19:30:00+00:00,120.02999999999994,120.42999999999995,118.62999999999995,119.09999999999995,5633
2026-06-16T19:45:00+00:00,119.09999999999995,119.26999999999995,117.18999999999996,117.44999999999995,5934
2026-06-17T13:30:00+00:00,117.44999999999995,122.71999999999994,117.44999999999995,120.72999999999995,6468
2026-06-17T13:45:00+00:00,120.72999999999995,121.14999999999995,118.40999999999995,118.48999999999995,6771
2026-06-17T14:00:00+00:00,118.48999999999995,120.10999999999994,118.37999999999995,119.74999999999994,7402
2026-06-17T14:15:00+00:00,119.74999999999994,122.02999999999994,119.74999999999994,121.95999999999995,6763
2026-06-17T14:30:00+00:00,121.95999999999995,121.97999999999995,120.57999999999996,121.76999999999995,7100
2026-06-17T14:45:00+00:00,121.76999999999995,122.17999999999995,120.70999999999995,120.81999999999995,7076.530332143837
2026-06-17T15:00:00+00:00,120.81999999999995,121.28999999999995,120.55999999999995,121.18999999999994,5196
2026-06-17T15:15:00+00:00,121.18999999999994,122.19999999999995,120.95999999999994,121.59999999999994,5672
2026-06-17T15:30:00+00:00,121.59999999999994,121.82999999999994,120.87999999999994,121.35999999999994,4305
2026-06-17T15:45:00+00:00,121.35999999999994,121.71999999999994,121.28999999999995,121.47999999999995,3718
2026-06-17T16:00:00+00:00,121.47999999999995,121.66999999999994,121.16999999999994,121.49999999999994,3158
2026-06-17T16:15:00+00:00,121.49999999999994,122.62999999999994,121.40999999999994,122.53999999999995,2737
2026-06-17T16:30:00+00:00,122.53999999999995,122.95999999999994,121.51999999999994,122.67999999999995,3651
2026-06-17T16:45:00+00:00,122.67999999999995,122.72999999999995,122.06999999999995,122.11999999999995,3051
2026-06-17T17:00:00+00:00,122.11999999999995,122.49999999999994,121.93999999999994,122.23999999999994,3536
2026-06-17T17:15:00+00:00,122.23999999999994,122.79999999999994,121.91999999999994,122.59999999999994,3166
2026-06-17T17:30:00+00:00,122.59999999999994,122.65999999999994,122.27999999999994,122.42999999999995,2322
2026-06-17T17:45:00+00:00,122.42999999999995,122.82999999999994,122.26999999999994,122.81999999999995,2268
2026-06-17T18:00:00+00:00,122.81999999999995,122.82999999999994,120.49999999999994,122.05999999999995,8761
2026-06-17T18:15:00+00:00,122.05999999999995,122.69999999999995,121.41999999999994,122.03999999999995,7471
2026-06-17T18:30:00+00:00,122.03999999999995,125.21999999999994,121.89999999999995,125.17999999999995,8669
2026-06-17T18:45:00+00:00,125.17999999999995,125.51999999999994,123.07999999999994,123.52999999999994,8321
2026-06-17T19:00:00+00:00,123.52999999999994,124.40999999999994,122.91999999999994,124.18999999999994,10037
2026-06-17T19:15:00+00:00,124.18999999999994,124.25999999999995,121.51999999999994,122.08999999999995,9140
2026-06-17T19:30:00+00:00,122.08999999999995,122.44999999999995,120.22999999999995,120.67999999999995,10006
2026-06-17T19:45:00+00:00,120.67999999999995,122.09999999999994,120.22999999999995,121.55999999999995,8584
2026-06-18T13:30:00+00:00,121.55999999999995,135.76999999999992,121.55999999999995,133.34999999999994,8808
2026-06-18T13:45:00+00:00,133.34999999999994,134.13999999999993,129.42999999999992,129.90999999999994,6712
2026-06-18T14:00:00+00:00,129.90999999999994,131.58999999999992,129.19999999999993,129.99999999999994,5552
2026-06-18T14:15:00+00:00,129.99999999999994,130.65999999999994,128.20999999999992,128.78999999999994,4720
2026-06-18T14:30:00+00:00,128.78999999999994,130.91999999999993,128.42999999999992,130.22999999999993,4483
2026-06-18T14:45:00+00:00,130.22999999999993,131.45999999999992,129.86999999999992,131.12999999999994,3690.0488966502617
2026-06-18T15:00:00+00:00,131.12999999999994,132.93999999999994,130.31999999999994,132.74999999999994,4103
2026-06-18T15:15:00+00:00,132.74999999999994,133.34999999999994,131.89999999999992,132.41999999999993,4245
2026-06-18T15:30:00+00:00,132.41999999999993,132.94999999999993,130.87999999999994,131.37999999999994,4278
2026-06-18T15:45:00+00:00,131.37999999999994,133.53999999999994,130.71999999999994,133.30999999999992,3651
2026-06-18T16:00:00+00:00,133.30999999999992,133.61999999999992,132.57999999999993,133.26999999999992,3064
2026-06-18T16:15:00+00:00,133.26999999999992,133.48999999999992,132.11999999999992,133.41999999999993,2840
2026-06-18T16:30:00+00:00,133.41999999999993,134.42999999999992,133.06999999999994,134.19999999999993,2678
2026-06-18T16:45:00+00:00,134.19999999999993,134.62999999999994,133.56999999999994,134.24999999999994,2593
2026-06-18T17:00:00+00:00,134.24999999999994,134.44999999999993,133.24999999999994,134.22999999999993,2338
2026-06-18T17:15:00+00:00,134.22999999999993,134.60999999999993,133.97999999999993,134.57999999999993,2381
2026-06-18T17:30:00+00:00,134.57999999999993,134.86999999999992,133.84999999999994,134.05999999999992,2321
2026-06-18T17:45:00+00:00,134.05999999999992,134.46999999999994,133.38999999999993,133.38999999999993,2011
2026-06-18T18:00:00+00:00,133.38999999999993,134.59999999999994,133.30999999999992,134.26999999999992,2529
2026-06-18T18:15:00+00:00,134.26999999999992,135.54999999999993,134.07999999999993,135.50999999999993,2451
2026-06-18T18:30:00+00:00,135.50999999999993,135.50999999999993,134.06999999999994,134.37999999999994,2661
2026-06-18T18:45:00+00:00,134.37999999999994,134.99999999999994,133.97999999999993,134.22999999999993,2228
2026-06-18T19:00:00+00:00,134.22999999999993,134.58999999999992,133.82999999999993,134.28999999999994,2955
2026-06-18T19:15:00+00:00,134.28999999999994,134.79999999999993,134.01999999999992,134.56999999999994,2832
2026-06-18T19:30:00+00:00,134.56999999999994,134.65999999999994,133.81999999999994,134.59999999999994,3172
2026-06-18T19:45:00+00:00,134.59999999999994,134.95999999999992,131.86999999999992,134.19999999999993,5442
2026-06-22T13:30:00+00:00,134.19999999999993,141.74999999999994,134.19999999999993,137.22999999999993,8884
2026-06-22T13:45:00+00:00,137.22999999999993,138.52999999999992,136.52999999999992,138.00999999999993,8107
2026-06-22T14:00:00+00:00,138.00999999999993,139.68999999999994,137.68999999999994,139.47999999999993,7022
2026-06-22T14:15:00+00:00,139.47999999999993,140.07999999999993,138.16999999999993,139.13999999999993,7559
2026-06-22T14:30:00+00:00,139.13999999999993,140.42999999999992,137.91999999999993,138.16999999999993,7642
2026-06-22T14:45:00+00:00,138.16999999999993,140.51999999999992,138.16999999999993,140.45999999999992,7466
2026-06-22T15:00:00+00:00,140.45999999999992,141.00999999999993,139.70999999999992,139.82999999999993,6761
2026-06-22T15:15:00+00:00,139.82999999999993,140.22999999999993,138.60999999999993,138.76999999999992,6736
2026-06-22T15:30:00+00:00,138.76999999999992,139.08999999999992,137.92999999999992,138.90999999999994,5468
2026-06-22T15:45:00+00:00,138.90999999999994,139.42999999999992,137.97999999999993,138.18999999999994,5627
2026-06-22T16:00:00+00:00,138.18999999999994,138.98999999999992,137.73999999999992,138.77999999999992,5484
2026-06-22T16:15:00+00:00,138.77999999999992,139.80999999999992,138.51999999999992,139.73999999999992,4828
2026-06-22T16:30:00+00:00,139.73999999999992,140.23999999999992,139.03999999999994,139.36999999999992,4844
2026-06-22T16:45:00+00:00,139.36999999999992,140.52999999999992,138.65999999999994,140.24999999999994,4432
2026-06-22T17:00:00+00:00,140.24999999999994,140.64999999999992,139.59999999999994,140.21999999999994,3622
2026-06-22T17:15:00+00:00,140.21999999999994,141.23999999999992,140.18999999999994,140.99999999999994,3234
2026-06-22T17:30:00+00:00,140.99999999999994,141.22999999999993,140.69999999999993,140.69999999999993,3350
2026-06-22T17:45:00+00:00,140.69999999999993,141.24999999999994,140.62999999999994,140.66999999999993,3150
2026-06-22T18:00:00+00:00,140.66999999999993,141.08999999999992,140.25999999999993,140.25999999999993,2985
2026-06-22T18:15:00+00:00,140.25999999999993,140.74999999999994,140.14999999999992,140.33999999999992,3186
2026-06-22T18:30:00+00:00,140.33999999999992,141.04999999999993,140.33999999999992,140.53999999999994,3097
2026-06-22T18:45:00+00:00,140.53999999999994,140.93999999999994,140.33999999999992,140.61999999999992,3415
2026-06-22T19:00:00+00:00,140.61999999999992,141.29999999999993,140.61999999999992,141.12999999999994,2957
2026-06-22T19:15:00+00:00,141.12999999999994,141.28999999999994,140.53999999999994,141.01999999999992,3249
2026-06-22T19:30:00+00:00,141.01999999999992,141.30999999999992,140.62999999999994,140.65999999999994,3223
2026-06-22T19:45:00+00:00,140.65999999999994,141.33999999999992,140.49999999999994,141.22999999999993,4899
2026-06-23T13:30:00+00:00,141.22999999999993,141.22999999999993,128.64999999999992,132.53999999999994,6700
2026-06-23T13:45:00+00:00,132.53999999999994,137.16999999999993,132.31999999999994,136.59999999999994,6576
2026-06-23T14:00:00+00:00,136.59999999999994,138.12999999999994,136.18999999999994,137.69999999999993,5780
2026-06-23T14:15:00+00:00,137.69999999999993,138.26999999999992,136.49999999999994,137.19999999999993,5023
2026-06-23T14:30:00+00:00,137.19999999999993,137.52999999999992,135.84999999999994,136.43999999999994,4689
2026-06-23T14:45:00+00:00,136.43999999999994,137.90999999999994,135.74999999999994,136.31999999999994,4367
2026-06-23T15:00:00+00:00,136.31999999999994,137.12999999999994,135.63999999999993,135.99999999999994,3770
2026-06-23T15:15:00+00:00,135.99999999999994,136.43999999999994,135.22999999999993,135.97999999999993,3541
2026-06-23T15:30:00+00:00,135.97999999999993,137.23999999999992,135.55999999999992,135.63999999999993,3755
2026-06-23T15:45:00+00:00,135.63999999999993,136.20999999999992,134.57999999999993,135.73999999999992,3794
2026-06-23T16:00:00+00:00,135.73999999999992,136.96999999999994,135.68999999999994,136.76999999999992,3698
2026-06-23T16:15:00+00:00,136.76999999999992,136.83999999999992,135.02999999999992,135.95999999999992,3790
2026-06-23T16:30:00+00:00,135.95999999999992,136.14999999999992,135.17999999999992,135.99999999999994,2970
2026-06-23T16:45:00+00:00,135.99999999999994,136.03999999999994,134.54999999999993,134.90999999999994,3229
2026-06-23T17:00:00+00:00,134.90999999999994,135.05999999999992,133.73999999999992,133.82999999999993,3754
2026-06-23T17:15:00+00:00,133.82999999999993,134.81999999999994,133.47999999999993,134.52999999999992,3177
2026-06-23T17:30:00+00:00,134.52999999999992,134.67999999999992,133.92999999999992,134.00999999999993,2708
2026-06-23T17:45:00+00:00,134.00999999999993,134.18999999999994,133.10999999999993,133.19999999999993,2888
2026-06-23T18:00:00+00:00,133.19999999999993,133.95999999999992,132.90999999999994,133.36999999999992,2973
2026-06-23T18:15:00+00:00,133.36999999999992,133.76999999999992,132.88999999999993,133.66999999999993,2743
2026-06-23T18:30:00+00:00,133.66999999999993,133.69999999999993,132.57999999999993,132.61999999999992,2712
2026-06-23T18:45:00+00:00,132.61999999999992,132.90999999999994,131.85999999999993,132.76999999999992,4135
2026-06-23T19:00:00+00:00,132.76999999999992,134.05999999999992,132.25999999999993,133.04999999999993,4986
2026-06-23T19:15:00+00:00,133.04999999999993,134.06999999999994,132.22999999999993,133.87999999999994,4599
2026-06-23T19:30:00+00:00,133.87999999999994,134.23999999999992,133.26999999999992,133.48999999999992,4843
2026-06-23T19:45:00+00:00,133.48999999999992,133.53999999999994,131.53999999999994,132.56999999999994,6548
2026-06-24T13:30:00+00:00,132.56999999999994,135.40999999999994,130.33999999999992,130.86999999999992,6841
2026-06-24T13:45:00+00:00,130.86999999999992,133.74999999999994,130.64999999999992,132.31999999999994,7133
2026-06-24T14:00:00+00:00,132.31999999999994,133.37999999999994,131.55999999999992,132.72999999999993,7342
2026-06-24T14:15:00+00:00,132.72999999999993,133.87999999999994,130.73999999999992,133.51999999999992,7110
2026-06-24T14:30:00+00:00,133.51999999999992,135.78999999999994,133.46999999999994,135.19999999999993,6260
2026-06-24T14:45:00+00:00,135.19999999999993,136.37999999999994,134.48999999999992,135.70999999999995,5766.289205955335
2026-06-24T15:00:00+00:00,135.70999999999995,136.36999999999995,134.69999999999996,134.97999999999996,5499
2026-06-24T15:15:00+00:00,134.97999999999996,135.22999999999996,133.75999999999993,134.48999999999995,5204
2026-06-24T15:30:00+00:00,134.48999999999995,135.07999999999996,133.94999999999996,134.48999999999995,4778
2026-06-24T15:45:00+00:00,134.48999999999995,135.57999999999996,134.01999999999995,135.02999999999994,4398
2026-06-24T16:00:00+00:00,135.02999999999994,135.48999999999995,134.51999999999995,134.83999999999995,4222
2026-06-24T16:15:00+00:00,134.83999999999995,135.39999999999995,134.50999999999993,134.89999999999995,3911
2026-06-24T16:30:00+00:00,134.89999999999995,134.92999999999995,132.74999999999994,133.09999999999994,5105
2026-06-24T16:45:00+00:00,133.09999999999994,133.09999999999994,131.96999999999994,132.28999999999994,4092
2026-06-24T17:00:00+00:00,132.28999999999994,132.95999999999995,131.65999999999994,131.68999999999994,4623
2026-06-24T17:15:00+00:00,131.68999999999994,131.99999999999994,130.54999999999995,130.62999999999994,5899
2026-06-24T17:30:00+00:00,130.62999999999994,131.32999999999996,130.37999999999994,130.87999999999994,6058
2026-06-24T17:45:00+00:00,130.87999999999994,130.96999999999994,129.22999999999996,129.45999999999995,5869
2026-06-24T18:00:00+00:00,129.45999999999995,130.28999999999994,129.30999999999995,130.01999999999995,4974
2026-06-24T18:15:00+00:00,130.01999999999995,131.75999999999993,130.00999999999993,131.43999999999994,4823
2026-06-24T18:30:00+00:00,131.43999999999994,131.61999999999995,130.08999999999995,130.48999999999995,5098
2026-06-24T18:45:00+00:00,130.48999999999995,130.50999999999993,129.11999999999995,129.29999999999995,5408
2026-06-24T19:00:00+00:00,129.29999999999995,130.28999999999994,128.25999999999993,128.60999999999996,6974
2026-06-24T19:15:00+00:00,128.60999999999996,130.50999999999993,128.40999999999994,130.30999999999995,6512
2026-06-24T19:30:00+00:00,130.30999999999995,131.04999999999995,129.83999999999995,130.15999999999994,6712
2026-06-24T19:45:00+00:00,130.15999999999994,132.25999999999993,129.96999999999994,131.95999999999995,6384
2026-06-25T13:30:00+00:00,131.95999999999995,141.01999999999995,131.95999999999995,136.44999999999996,7799
2026-06-25T13:45:00+00:00,136.44999999999996,136.89999999999995,125.72999999999995,125.90999999999995,10171
2026-06-25T14:00:00+00:00,125.90999999999995,131.43999999999994,125.88999999999994,130.00999999999993,10093
2026-06-25T14:15:00+00:00,130.00999999999993,130.87999999999994,128.16999999999996,129.74999999999994,7794
2026-06-25T14:30:00+00:00,129.74999999999994,131.64999999999995,129.02999999999994,129.41999999999996,6775
2026-06-25T14:45:00+00:00,129.41999999999996,131.72999999999996,128.84999999999994,130.26999999999995,8092
2026-06-25T15:00:00+00:00,130.26999999999995,131.91999999999996,128.89999999999995,128.96999999999994,7461
2026-06-25T15:15:00+00:00,128.96999999999994,130.38999999999996,128.18999999999994,129.26999999999995,8252
2026-06-25T15:30:00+00:00,129.26999999999995,130.29999999999995,129.21999999999994,130.07999999999996,6341
2026-06-25T15:45:00+00:00,130.07999999999996,130.34999999999994,129.26999999999995,129.30999999999995,5588
2026-06-25T16:00:00+00:00,129.30999999999995,132.12999999999994,129.17999999999995,131.81999999999994,5879
2026-06-25T16:15:00+00:00,131.81999999999994,132.27999999999994,130.09999999999994,130.42999999999995,6481
2026-06-25T16:30:00+00:00,130.42999999999995,130.45999999999995,128.83999999999995,128.97999999999996,5769
2026-06-25T16:45:00+00:00,128.97999999999996,131.15999999999994,128.35999999999996,130.52999999999994,5746
2026-06-25T17:00:00+00:00,130.52999999999994,132.52999999999994,130.49999999999994,132.16999999999996,4869
2026-06-25T17:15:00+00:00,132.16999999999996,132.81999999999994,131.42999999999995,132.51999999999995,5413
2026-06-25T17:30:00+00:00,132.51999999999995,132.71999999999994,132.05999999999995,132.07999999999996,4419
2026-06-25T17:45:00+00:00,132.07999999999996,132.56999999999994,131.52999999999994,132.43999999999994,5172
2026-06-25T18:00:00+00:00,132.43999999999994,132.51999999999995,131.46999999999994,132.27999999999994,6124
2026-06-25T18:15:00+00:00,132.27999999999994,132.85999999999996,131.62999999999994,132.37999999999994,5233
2026-06-25T18:30:00+00:00,132.37999999999994,132.37999999999994,130.95999999999995,131.55999999999995,6107
2026-06-25T18:45:00+00:00,131.55999999999995,131.55999999999995,130.30999999999995,130.84999999999994,5257
2026-06-25T19:00:00+00:00,130.84999999999994,130.92999999999995,130.16999999999996,130.35999999999996,6218
2026-06-25T19:15:00+00:00,130.35999999999996,131.35999999999996,129.69999999999996,131.28999999999994,6898
2026-06-25T19:30:00+00:00,131.28999999999994,131.37999999999994,130.55999999999995,131.23999999999995,6966
2026-06-25T19:45:00+00:00,131.23999999999995,133.34999999999994,130.80999999999995,133.24999999999994,8030
2026-06-26T13:30:00+00:00,133.24999999999994,133.24999999999994,125.81999999999994,126.68999999999993,7936
2026-06-26T13:45:00+00:00,126.68999999999993,129.9099999999999,126.12999999999994,129.5699999999999,7825
2026-06-26T14:00:00+00:00,129.5699999999999,131.51999999999992,129.3199999999999,130.63999999999993,7539
2026-06-26T14:15:00+00:00,130.63999999999993,131.4699999999999,129.63999999999993,130.19999999999993,7483
2026-06-26T14:30:00+00:00,130.19999999999993,130.64999999999992,129.13999999999993,129.5399999999999,7263
2026-06-26T14:45:00+00:00,129.5399999999999,130.7199999999999,128.69999999999993,129.3299999999999,6973.982342686835
2026-06-26T15:00:00+00:00,129.3299999999999,129.8499999999999,127.9499999999999,128.1699999999999,6536
2026-06-26T15:15:00+00:00,128.1699999999999,129.4699999999999,127.8299999999999,129.2999999999999,5952
2026-06-26T15:30:00+00:00,129.2999999999999,129.7999999999999,128.5999999999999,129.2899999999999,5915
2026-06-26T15:45:00+00:00,129.2899999999999,129.64999999999992,128.3199999999999,129.1299999999999,5900
2026-06-26T16:00:00+00:00,129.1299999999999,129.5699999999999,128.55999999999992,128.8199999999999,5475
2026-06-26T16:15:00+00:00,128.8199999999999,129.5399999999999,128.1599999999999,129.5099999999999,5376
2026-06-26T16:30:00+00:00,129.5099999999999,129.77999999999992,128.6599999999999,128.99999999999991,4432
2026-06-26T16:45:00+00:00,128.99999999999991,129.6999999999999,128.6599999999999,129.61999999999992,4003
2026-06-26T17:00:00+00:00,129.61999999999992,130.3299999999999,129.49999999999991,129.9799999999999,3983
2026-06-26T17:15:00+00:00,129.9799999999999,130.02999999999992,128.73999999999992,129.5499999999999,3805
2026-06-26T17:30:00+00:00,129.5499999999999,129.89999999999992,128.9199999999999,129.2999999999999,4183
2026-06-26T17:45:00+00:00,129.2999999999999,129.36999999999992,128.5999999999999,128.61999999999992,3648
2026-06-26T18:00:00+00:00,128.61999999999992,128.83999999999992,128.33999999999992,128.4199999999999,4127
2026-06-26T18:15:00+00:00,128.4199999999999,128.52999999999992,127.76999999999992,128.09999999999997,4189
2026-06-26T18:30:00+00:00,128.09999999999997,128.57999999999998,127.97999999999996,128.19999999999996,3409
2026-06-26T18:45:00+00:00,128.19999999999996,128.25,127.58999999999999,127.86999999999999,4176
2026-06-26T19:00:00+00:00,127.86999999999999,128.65999999999997,127.58999999999999,128.59999999999997,5425
2026-06-26T19:15:00+00:00,128.59999999999997,128.75999999999996,127.63999999999997,128.67999999999998,5397
2026-06-26T19:30:00+00:00,128.67999999999998,130.08999999999997,128.42999999999998,129.97999999999996,5570
2026-06-26T19:45:00+00:00,129.97999999999996,130.06999999999996,127.81999999999996,127.96999999999997,6587
2026-06-29T13:30:00+00:00,127.96999999999997,128.06999999999996,123.50999999999996,124.60999999999997,6933
2026-06-29T13:45:00+00:00,124.60999999999997,125.39999999999996,121.82999999999997,122.27999999999997,6167
2026-06-29T14:00:00+00:00,122.27999999999997,123.05999999999997,119.41999999999997,119.53999999999996,7336
2026-06-29T14:15:00+00:00,119.53999999999996,121.24999999999997,118.80999999999997,121.19999999999996,7408
2026-06-29T14:30:00+00:00,121.19999999999996,122.50999999999996,120.95999999999997,122.17999999999996,6056
2026-06-29T14:45:00+00:00,122.17999999999996,123.92999999999996,121.00999999999996,123.82999999999997,5421
2026-06-29T15:00:00+00:00,123.82999999999997,125.30999999999997,123.75999999999996,125.23999999999997,5123
2026-06-29T15:15:00+00:00,125.23999999999997,125.53999999999996,124.41999999999997,125.18999999999997,4124
2026-06-29T15:30:00+00:00,125.18999999999997,126.23999999999997,124.77999999999997,126.16999999999997,3762
2026-06-29T15:45:00+00:00,126.16999999999997,126.66999999999997,125.65999999999997,126.42999999999996,3433
2026-06-29T16:00:00+00:00,126.42999999999996,127.58999999999996,126.40999999999997,127.39999999999996,3597
2026-06-29T16:15:00+00:00,127.39999999999996,128.42999999999998,127.38999999999997,127.98999999999995,3497
2026-06-29T16:30:00+00:00,127.98999999999995,128.76999999999992,127.54999999999994,128.73999999999995,3218
2026-06-29T16:45:00+00:00,128.73999999999995,129.20999999999995,128.31999999999994,128.95999999999995,3109
2026-06-29T17:00:00+00:00,128.95999999999995,130.28999999999994,128.84999999999994,130.05999999999995,2978
2026-06-29T17:15:00+00:00,130.05999999999995,130.88999999999993,129.50999999999993,130.85999999999993,3098
2026-06-29T17:30:00+00:00,130.85999999999993,131.38999999999993,130.41999999999993,130.95999999999995,2818
2026-06-29T17:45:00+00:00,130.95999999999995,131.29999999999993,130.72999999999993,130.91999999999993,2474
2026-06-29T18:00:00+00:00,130.91999999999993,131.13999999999993,130.65999999999994,131.05999999999995,2448
2026-06-29T18:15:00+00:00,131.05999999999995,131.43999999999994,130.80999999999995,130.91999999999993,2287
2026-06-29T18:30:00+00:00,130.91999999999993,131.67999999999995,130.87999999999994,131.40999999999994,2231
2026-06-29T18:45:00+00:00,131.40999999999994,131.82999999999993,131.40999999999994,131.49999999999994,2187
2026-06-29T19:00:00+00:00,131.49999999999994,131.81999999999994,130.91999999999993,131.21999999999994,2838
2026-06-29T19:15:00+00:00,131.21999999999994,131.80999999999995,131.04999999999993,131.25999999999993,2557
2026-06-29T19:30:00+00:00,131.25999999999993,131.37999999999994,130.65999999999994,130.87999999999994,2764
2026-06-29T19:45:00+00:00,130.87999999999994,132.21999999999994,130.53999999999994,132.00999999999993,3843
2026-06-30T13:30:00+00:00,132.00999999999993,135.46999999999994,131.81999999999994,134.78999999999994,6499
2026-06-30T13:45:00+00:00,134.78999999999994,137.74999999999994,134.33999999999995,137.47999999999993,5890
2026-06-30T14:00:00+00:00,137.47999999999993,138.48999999999995,136.56999999999994,137.58999999999995,6097
2026-06-30T14:15:00+00:00,137.58999999999995,138.30999999999995,137.26999999999992,137.92999999999995,4798
2026-06-30T14:30:00+00:00,137.92999999999995,138.30999999999995,137.08999999999995,137.51999999999992,4007
2026-06-30T14:45:00+00:00,137.51999999999992,138.13999999999993,137.10999999999993,137.54999999999993,4446
2026-06-30T15:00:00+00:00,137.54999999999993,140.66999999999993,137.53999999999994,140.56999999999994,4289
2026-06-30T15:15:00+00:00,140.56999999999994,140.76999999999992,140.03999999999994,140.25999999999993,3788
2026-06-30T15:30:00+00:00,140.25999999999993,140.96999999999994,139.80999999999995,139.95999999999995,3488
2026-06-30T15:45:00+00:00,139.95999999999995,140.67999999999995,139.60999999999993,140.32999999999993,2792
2026-06-30T16:00:00+00:00,140.32999999999993,140.91999999999993,140.10999999999993,140.34999999999994,2759
2026-06-30T16:15:00+00:00,140.34999999999994,140.82999999999993,140.20999999999995,140.51999999999992,2551
2026-06-30T16:30:00+00:00,140.51999999999992,141.01999999999992,140.29999999999993,140.79999999999993,2482
2026-06-30T16:45:00+00:00,140.79999999999993,142.08999999999995,140.64999999999995,141.00999999999993,2534
2026-06-30T17:00:00+00:00,141.00999999999993,141.97999999999993,140.98999999999995,141.60999999999993,2139
2026-06-30T17:15:00+00:00,141.60999999999993,142.54999999999993,141.44999999999993,142.20999999999995,2238
2026-06-30T17:30:00+00:00,142.20999999999995,142.47999999999993,141.98999999999995,142.42999999999995,2036
2026-06-30T17:45:00+00:00,142.42999999999995,142.64999999999995,141.60999999999993,141.75999999999993,2224
2026-06-30T18:00:00+00:00,141.75999999999993,141.76999999999992,140.95999999999995,140.96999999999994,2133
2026-06-30T18:15:00+00:00,140.96999999999994,141.18999999999994,140.43999999999994,140.65999999999994,2246
2026-06-30T18:30:00+00:00,140.65999999999994,141.38999999999993,140.42999999999995,141.31999999999994,2448
2026-06-30T18:45:00+00:00,141.31999999999994,141.31999999999994,140.49999999999994,140.63999999999993,1954
2026-06-30T19:00:00+00:00,140.63999999999993,140.81999999999994,140.13999999999993,140.60999999999993,2214
2026-06-30T19:15:00+00:00,140.60999999999993,140.79999999999993,140.32999999999993,140.46999999999994,2462
2026-06-30T19:30:00+00:00,140.46999999999994,140.61999999999995,140.05999999999995,140.48999999999995,2874
2026-06-30T19:45:00+00:00,140.48999999999995,141.39999999999995,139.67999999999995,139.88999999999993,4869
2026-07-01T13:30:00+00:00,139.88999999999993,139.88999999999993,132.71999999999994,134.26999999999992,7858
2026-07-01T13:45:00+00:00,134.26999999999992,136.02999999999994,133.64999999999995,133.99999999999994,7246
2026-07-01T14:00:00+00:00,133.99999999999994,134.44999999999993,132.12999999999994,132.23999999999995,7253
2026-07-01T14:15:00+00:00,132.23999999999995,133.39999999999995,131.79999999999993,132.23999999999995,6004
2026-07-01T14:30:00+00:00,132.23999999999995,132.39999999999995,129.65999999999994,129.85999999999993,6009
2026-07-01T14:45:00+00:00,129.85999999999993,130.14999999999995,128.26999999999992,128.80999999999995,5938.479806619562
2026-07-01T15:00:00+00:00,128.80999999999995,130.34999999999994,128.64999999999995,129.17999999999995,5452
2026-07-01T15:15:00+00:00,129.17999999999995,130.54999999999993,128.98999999999995,130.40999999999994,5440
2026-07-01T15:30:00+00:00,130.40999999999994,130.72999999999993,129.70999999999995,130.07999999999993,4499
2026-07-01T15:45:00+00:00,130.07999999999993,130.12999999999994,128.81999999999994,128.95999999999995,4070
2026-07-01T16:00:00+00:00,128.95999999999995,129.70999999999995,128.79999999999993,129.21999999999994,3778
2026-07-01T16:15:00+00:00,129.21999999999994,130.28999999999994,129.05999999999995,130.08999999999995,3510
2026-07-01T16:30:00+00:00,130.08999999999995,130.15999999999994,129.16999999999993,129.59999999999994,3129
2026-07-01T16:45:00+00:00,129.59999999999994,129.96999999999994,129.10999999999993,129.28999999999994,2977
2026-07-01T17:00:00+00:00,129.28999999999994,129.50999999999993,128.35999999999996,128.95999999999995,3575
2026-07-01T17:15:00+00:00,128.95999999999995,129.39999999999995,128.82999999999993,128.90999999999994,2947
2026-07-01T17:30:00+00:00,128.90999999999994,128.96999999999994,128.36999999999995,128.36999999999995,2691
2026-07-01T17:45:00+00:00,128.36999999999995,128.58999999999995,127.72999999999988,127.81999999999988,3323
2026-07-01T18:00:00+00:00,127.81999999999988,128.9699999999999,127.67999999999988,128.5399999999999,3043
2026-07-01T18:15:00+00:00,128.5399999999999,128.7299999999999,128.05999999999995,128.1599999999999,3182
2026-07-01T18:30:00+00:00,128.1599999999999,128.4699999999999,127.63999999999992,127.84999999999991,2756
2026-07-01T18:45:00+00:00,127.84999999999991,127.85999999999991,127.0399999999999,127.41999999999992,3297
2026-07-01T19:00:00+00:00,127.41999999999992,128.9299999999999,127.31999999999991,128.3999999999999,4193
2026-07-01T19:15:00+00:00,128.3999999999999,128.92999999999992,127.93999999999991,128.84999999999988,3932
2026-07-01T19:30:00+00:00,128.84999999999988,129.7799999999999,127.81999999999985,127.89999999999985,4572
2026-07-01T19:45:00+00:00,127.89999999999985,128.26999999999987,126.96999999999986,127.38999999999986,5861
2026-07-02T13:30:00+00:00,127.38999999999986,129.02999999999986,124.67999999999985,126.98999999999985,7920
2026-07-02T13:45:00+00:00,126.98999999999985,130.8999999999999,126.88999999999986,130.78999999999988,7660
2026-07-02T14:00:00+00:00,130.78999999999988,130.9899999999999,128.56999999999988,129.62999999999988,8753
2026-07-02T14:15:00+00:00,129.62999999999988,129.68999999999988,125.54999999999994,125.68999999999994,9850
2026-07-02T14:30:00+00:00,125.68999999999994,126.08999999999993,123.35999999999994,123.48999999999994,10356
2026-07-02T14:45:00+00:00,123.48999999999994,124.62999999999994,123.05999999999995,124.56999999999994,10268.520694426972
2026-07-02T15:00:00+00:00,124.56999999999994,124.84999999999994,123.11999999999993,123.53999999999994,9678
2026-07-02T15:15:00+00:00,123.53999999999994,124.09999999999994,122.37999999999994,123.09999999999994,10005
2026-07-02T15:30:00+00:00,123.09999999999994,125.63999999999993,123.09999999999994,124.20999999999994,8147
2026-07-02T15:45:00+00:00,124.20999999999994,124.63999999999993,123.21999999999993,123.92999999999994,7785
2026-07-02T16:00:00+00:00,123.92999999999994,123.94999999999993,122.30999999999993,122.47999999999993,7145
2026-07-02T16:15:00+00:00,122.47999999999993,122.55999999999993,120.32999999999993,120.49999999999993,7513
2026-07-02T16:30:00+00:00,120.49999999999993,121.61999999999993,120.02999999999993,121.50999999999993,7908
2026-07-02T16:45:00+00:00,121.50999999999993,121.62999999999994,119.71999999999993,120.41999999999993,7021
2026-07-02T17:00:00+00:00,120.41999999999993,121.45999999999994,120.03999999999994,120.33999999999993,6859
2026-07-02T17:15:00+00:00,120.33999999999993,120.78999999999994,119.89999999999993,120.07999999999993,5882
2026-07-02T17:30:00+00:00,120.07999999999993,120.24999999999993,118.86999999999993,119.44999999999993,6007
2026-07-02T17:45:00+00:00,119.44999999999993,119.76999999999994,118.76999999999994,119.12999999999994,6105
2026-07-02T18:00:00+00:00,119.12999999999994,120.74999999999993,119.06999999999994,120.10999999999993,6779
2026-07-02T18:15:00+00:00,120.10999999999993,120.26999999999994,119.66999999999993,120.19999999999993,5469
2026-07-02T18:30:00+00:00,120.19999999999993,120.83999999999993,119.96999999999993,120.25999999999993,5472
2026-07-02T18:45:00+00:00,120.25999999999993,120.97999999999993,119.47999999999993,120.27999999999993,5815
2026-07-02T19:00:00+00:00,120.27999999999993,120.50999999999993,118.34999999999994,118.78999999999994,6497
2026-07-02T19:15:00+00:00,118.78999999999994,119.33999999999993,117.88999999999993,118.97999999999993,6491
2026-07-02T19:30:00+00:00,118.97999999999993,119.81999999999994,118.81999999999994,119.13999999999993,7362
2026-07-02T19:45:00+00:00,119.13999999999993,120.72999999999993,119.02999999999993,120.69999999999993,7287
2026-07-06T13:30:00+00:00,120.69999999999993,126.79999999999993,120.69999999999993,125.94999999999993,7547
2026-07-06T13:45:00+00:00,125.94999999999993,126.93999999999993,124.67999999999994,125.28999999999994,8087
2026-07-06T14:00:00+00:00,125.28999999999994,127.15999999999993,125.10999999999993,126.95999999999994,7333
2026-07-06T14:15:00+00:00,126.95999999999994,127.52999999999993,126.47999999999993,126.71999999999993,6291
2026-07-06T14:30:00+00:00,126.71999999999993,127.16999999999993,126.28999999999994,126.87999999999994,5640
2026-07-06T14:45:00+00:00,126.87999999999994,127.56999999999994,125.76999999999994,126.45999999999994,5210
2026-07-06T15:00:00+00:00,126.45999999999994,126.79999999999993,124.59999999999994,124.90999999999993,5020
2026-07-06T15:15:00+00:00,124.90999999999993,125.41999999999993,124.23999999999994,125.36999999999993,5350
2026-07-06T15:30:00+00:00,125.36999999999993,125.64999999999993,124.91999999999993,124.96999999999993,4433
2026-07-06T15:45:00+00:00,124.96999999999993,125.27999999999993,124.46999999999993,124.77999999999993,3418
2026-07-06T16:00:00+00:00,124.77999999999993,125.00999999999993,124.30999999999993,124.66999999999993,3329
2026-07-06T16:15:00+00:00,124.66999999999993,125.13999999999993,124.44999999999993,125.09999999999994,3204
2026-07-06T16:30:00+00:00,125.09999999999994,125.21999999999993,124.28999999999994,124.31999999999994,3069
2026-07-06T16:45:00+00:00,124.31999999999994,124.53999999999994,124.22999999999993,124.33999999999993,2980
2026-07-06T17:00:00+00:00,124.33999999999993,124.90999999999993,124.24999999999993,124.54999999999993,3007
2026-07-06T17:15:00+00:00,124.54999999999993,124.61999999999993,123.38999999999993,123.45999999999994,3196
2026-07-06T17:30:00+00:00,123.45999999999994,123.48999999999994,122.65999999999993,123.01999999999994,4052
2026-07-06T17:45:00+00:00,123.01999999999994,123.49999999999993,122.78999999999994,122.94999999999993,3321
2026-07-06T18:00:00+00:00,122.94999999999993,123.76999999999994,122.87999999999994,123.22999999999993,3217
2026-07-06T18:15:00+00:00,123.22999999999993,123.75999999999993,122.64999999999993,122.69999999999993,2874
2026-07-06T18:30:00+00:00,122.69999999999993,122.77999999999993,122.32999999999993,122.57999999999993,2852
2026-07-06T18:45:00+00:00,122.57999999999993,122.91999999999993,122.50999999999993,122.73999999999994,2710
2026-07-06T19:00:00+00:00,122.73999999999994,123.25999999999993,122.50999999999993,122.94999999999993,3347
2026-07-06T19:15:00+00:00,122.94999999999993,124.40999999999993,122.86999999999993,123.84999999999994,3598
2026-07-06T19:30:00+00:00,123.84999999999994,123.92999999999994,122.91999999999993,123.67999999999994,3988
2026-07-06T19:45:00+00:00,123.67999999999994,123.77999999999993,122.27999999999993,122.57999999999993,5132
2026-07-07T13:30:00+00:00,122.57999999999993,122.57999999999993,111.43999999999993,115.19999999999993,10201
2026-07-07T13:45:00+00:00,115.19999999999993,115.41999999999993,112.06999999999994,112.82999999999993,8825
2026-07-07T14:00:00+00:00,112.82999999999993,112.82999999999993,110.77999999999993,110.90999999999993,8414
2026-07-07T14:15:00+00:00,110.90999999999993,111.00999999999993,109.39999999999993,110.57999999999993,8326
2026-07-07T14:30:00+00:00,110.57999999999993,110.77999999999993,108.62999999999994,108.77999999999993,8491
2026-07-07T14:45:00+00:00,108.77999999999993,110.90999999999993,108.69999999999993,110.40999999999993,8143
2026-07-07T15:00:00+00:00,110.40999999999993,111.27999999999993,109.73999999999994,110.56999999999994,6749
2026-07-07T15:15:00+00:00,110.56999999999994,110.56999999999994,109.16999999999993,109.70999999999994,6196
2026-07-07T15:30:00+00:00,109.70999999999994,109.95999999999994,109.02999999999993,109.39999999999993,5442
2026-07-07T15:45:00+00:00,109.39999999999993,110.19999999999993,109.08999999999993,109.92999999999994,5817
2026-07-07T16:00:00+00:00,109.92999999999994,111.13999999999993,109.65999999999993,110.99999999999993,5642
2026-07-07T16:15:00+00:00,110.99999999999993,112.20999999999994,110.75999999999993,111.99999999999993,5498
2026-07-07T16:30:00+00:00,111.99999999999993,112.23999999999994,110.42999999999994,111.01999999999994,5392
2026-07-07T16:45:00+00:00,111.01999999999994,111.60999999999993,110.66999999999993,111.18999999999993,4520
2026-07-07T17:00:00+00:00,111.18999999999993,112.59999999999994,111.11999999999993,111.57999999999993,4910
2026-07-07T17:15:00+00:00,111.57999999999993,111.89999999999993,111.08999999999993,111.22999999999993,4411
2026-07-07T17:30:00+00:00,111.22999999999993,111.65999999999993,110.97999999999993,111.35999999999993,3892
2026-07-07T17:45:00+00:00,111.35999999999993,111.47999999999993,110.96999999999993,111.36999999999993,3449
2026-07-07T18:00:00+00:00,111.36999999999993,111.45999999999994,110.92999999999994,111.28999999999994,3743
2026-07-07T18:15:00+00:00,111.28999999999994,111.39999999999993,110.76999999999994,110.81999999999994,3028
2026-07-07T18:30:00+00:00,110.81999999999994,111.05999999999993,109.86999999999993,110.20999999999994,3648
2026-07-07T18:45:00+00:00,110.20999999999994,110.49999999999993,109.27999999999993,109.36999999999993,5250
2026-07-07T19:00:00+00:00,109.36999999999993,109.93999999999993,108.95999999999994,109.13999999999993,5586
2026-07-07T19:15:00+00:00,109.13999999999993,109.50999999999993,108.55999999999993,109.49999999999993,6191
2026-07-07T19:30:00+00:00,109.49999999999993,110.25999999999993,109.31999999999994,109.61999999999993,6489
2026-07-07T19:45:00+00:00,109.61999999999993,110.86999999999993,109.29999999999993,110.68999999999993,6567
2026-07-08T13:30:00+00:00,110.68999999999993,110.68999999999993,107.96999999999993,108.87999999999994,7857
2026-07-08T13:45:00+00:00,108.87999999999994,109.75999999999993,108.20999999999994,109.40999999999993,8380
2026-07-08T14:00:00+00:00,109.40999999999993,109.96999999999993,107.76999999999994,108.24999999999993,8495
2026-07-08T14:15:00+00:00,108.24999999999993,109.34999999999994,107.81999999999994,108.07999999999993,7992
2026-07-08T14:30:00+00:00,108.07999999999993,108.35999999999993,107.02999999999993,107.28999999999994,7441
2026-07-08T14:45:00+00:00,107.28999999999994,107.33999999999993,105.88999999999993,106.61999999999993,7963.870019163418
2026-07-08T15:00:00+00:00,106.61999999999993,107.00999999999993,105.99999999999994,105.99999999999994,6834
2026-07-08T15:15:00+00:00,105.99999999999994,106.24999999999994,104.72999999999993,105.05999999999993,7529
2026-07-08T15:30:00+00:00,105.05999999999993,105.86999999999993,104.91999999999993,105.40999999999994,6896
2026-07-08T15:45:00+00:00,105.40999999999994,105.56999999999994,104.68999999999994,105.24999999999994,6089
2026-07-08T16:00:00+00:00,105.24999999999994,106.47999999999993,105.13999999999994,106.38999999999994,5426
2026-07-08T16:15:00+00:00,106.38999999999994,107.32999999999994,105.93999999999994,107.12999999999994,5685
2026-07-08T16:30:00+00:00,107.12999999999994,107.66999999999993,106.54999999999994,107.07999999999994,6177
2026-07-08T16:45:00+00:00,107.07999999999994,107.30999999999993,106.62999999999994,107.16999999999993,4434
2026-07-08T17:00:00+00:00,107.16999999999993,107.92999999999994,106.70999999999994,107.11999999999993,4592
2026-07-08T17:15:00+00:00,107.11999999999993,108.04999999999994,107.09999999999994,107.99999999999994,3711
2026-07-08T17:30:00+00:00,107.99999999999994,108.50999999999993,107.77999999999994,107.82999999999994,3968
2026-07-08T17:45:00+00:00,107.82999999999994,107.89999999999993,107.22999999999993,107.37999999999994,3826
2026-07-08T18:00:00+00:00,107.37999999999994,108.40999999999994,107.17999999999994,108.25999999999993,4617
2026-07-08T18:15:00+00:00,108.25999999999993,108.50999999999993,107.81999999999994,107.91999999999993,3780
2026-07-08T18:30:00+00:00,107.91999999999993,108.04999999999994,107.46999999999994,107.89999999999993,3987
2026-07-08T18:45:00+00:00,107.89999999999993,108.21999999999994,107.61999999999993,107.94999999999993,3072
2026-07-08T19:00:00+00:00,107.94999999999993,108.18999999999994,107.50999999999993,107.78999999999994,3650
2026-07-08T19:15:00+00:00,107.78999999999994,108.44999999999993,107.72999999999993,108.33999999999993,3396
2026-07-08T19:30:00+00:00,108.33999999999993,108.60999999999994,107.67999999999994,108.57999999999994,4605
2026-07-08T19:45:00+00:00,108.57999999999994,110.74999999999994,108.52999999999994,110.50999999999993,6689
2026-07-09T13:30:00+00:00,110.50999999999993,116.80999999999993,110.50999999999993,116.74999999999994,8225
2026-07-09T13:45:00+00:00,116.74999999999994,116.85999999999994,114.91999999999993,115.63999999999994,6741
2026-07-09T14:00:00+00:00,115.63999999999994,116.19999999999993,114.47999999999993,115.25999999999993,6536
2026-07-09T14:15:00+00:00,115.25999999999993,115.29999999999994,112.62999999999994,113.45999999999994,8190
2026-07-09T14:30:00+00:00,113.45999999999994,113.52999999999994,112.52999999999994,113.13999999999994,6672
2026-07-09T14:45:00+00:00,113.13999999999994,114.17999999999994,112.60999999999994,113.19999999999993,6501
2026-07-09T15:00:00+00:00,113.19999999999993,113.81999999999994,112.78999999999994,113.61999999999993,5392
2026-07-09T15:15:00+00:00,113.61999999999993,113.65999999999994,112.81999999999994,113.08999999999993,4112
2026-07-09T15:30:00+00:00,113.08999999999993,113.22999999999993,112.65999999999994,112.95999999999994,3810
2026-07-09T15:45:00+00:00,112.95999999999994,113.70999999999994,112.89999999999993,113.41999999999993,3437
2026-07-09T16:00:00+00:00,113.41999999999993,113.98999999999994,113.18999999999994,113.40999999999994,3165
2026-07-09T16:15:00+00:00,113.40999999999994,113.56999999999994,112.67999999999994,112.72999999999993,2953
2026-07-09T16:30:00+00:00,112.72999999999993,113.28999999999994,112.07999999999994,113.10999999999994,3357
2026-07-09T16:45:00+00:00,113.10999999999994,113.16999999999993,112.78999999999994,112.94999999999993,2431
2026-07-09T17:00:00+00:00,112.94999999999993,113.64999999999993,112.87999999999994,113.36999999999993,2729
2026-07-09T17:15:00+00:00,113.36999999999993,113.76999999999994,112.92999999999994,112.93999999999994,2601
2026-07-09T17:30:00+00:00,112.93999999999994,113.36999999999993,112.78999999999994,113.22999999999993,2734
2026-07-09T17:45:00+00:00,113.22999999999993,113.26999999999994,112.74999999999994,112.89999999999993,2134
2026-07-09T18:00:00+00:00,112.89999999999993,113.16999999999993,112.55999999999993,112.60999999999994,2563
2026-07-09T18:15:00+00:00,112.60999999999994,112.91999999999993,112.38999999999994,112.64999999999993,2642
2026-07-09T18:30:00+00:00,112.64999999999993,113.11999999999993,112.64999999999993,112.96999999999994,2655
2026-07-09T18:45:00+00:00,112.96999999999994,113.42999999999994,112.92999999999994,113.17999999999994,2612
2026-07-09T19:00:00+00:00,113.17999999999994,113.19999999999993,112.43999999999994,112.67999999999994,3343
2026-07-09T19:15:00+00:00,112.67999999999994,113.08999999999993,112.36999999999993,112.60999999999994,2812
2026-07-09T19:30:00+00:00,112.60999999999994,112.77999999999994,112.19999999999993,112.59999999999994,3325
2026-07-09T19:45:00+00:00,112.59999999999994,112.87999999999994,111.78999999999994,112.87999999999994,4645
2026-07-10T13:30:00+00:00,112.87999999999994,112.87999999999994,107.69999999999993,108.63999999999994,6121
2026-07-10T13:45:00+00:00,108.63999999999994,110.00999999999993,108.63999999999994,109.22999999999993,6155
2026-07-10T14:00:00+00:00,109.22999999999993,109.80999999999993,108.98999999999994,109.24999999999994,5692
2026-07-10T14:15:00+00:00,109.24999999999994,109.78999999999994,108.64999999999993,109.49999999999994,5609
2026-07-10T14:30:00+00:00,109.49999999999994,110.00999999999993,108.27999999999994,109.40999999999994,8169
2026-07-10T14:45:00+00:00,109.40999999999994,109.62999999999994,108.62999999999994,108.74999999999993,5782.275775896816
2026-07-10T15:00:00+00:00,108.74999999999993,109.28999999999992,108.21999999999993,109.21999999999993,6038
2026-07-10T15:15:00+00:00,109.21999999999993,110.00999999999992,109.18999999999993,109.89999999999992,4736
2026-07-10T15:30:00+00:00,109.89999999999992,110.04999999999993,108.49999999999993,108.86999999999992,5377
2026-07-10T15:45:00+00:00,108.86999999999992,109.54999999999993,108.66999999999993,109.52999999999993,4521
2026-07-10T16:00:00+00:00,109.52999999999993,109.81999999999992,109.38999999999993,109.45999999999992,3832
2026-07-10T16:15:00+00:00,109.45999999999992,109.93999999999993,109.45999999999992,109.78999999999992,3557
2026-07-10T16:30:00+00:00,109.78999999999992,110.14999999999992,109.66999999999993,109.92999999999992,3056
2026-07-10T16:45:00+00:00,109.92999999999992,110.14999999999992,109.50999999999992,109.79999999999993,3042
2026-07-10T17:00:00+00:00,109.79999999999993,110.27999999999993,109.66999999999993,110.10999999999993,2827
2026-07-10T17:15:00+00:00,110.10999999999993,110.96999999999993,110.05999999999993,110.91999999999993,2476
2026-07-10T17:30:00+00:00,110.91999999999993,111.16999999999993,110.74999999999993,111.06999999999992,2595
2026-07-10T17:45:00+00:00,111.06999999999992,111.15999999999993,110.15999999999993,110.27999999999993,2179
2026-07-10T18:00:00+00:00,110.27999999999993,110.74999999999993,110.21999999999993,110.52999999999993,2811
2026-07-10T18:15:00+00:00,110.52999999999993,110.56999999999992,110.15999999999993,110.23999999999992,2803
2026-07-10T18:30:00+00:00,110.23999999999992,110.52999999999993,110.12999999999992,110.17999999999992,2375
2026-07-10T18:45:00+00:00,110.17999999999992,110.39999999999992,110.05999999999993,110.24999999999993,2320
2026-07-10T19:00:00+00:00,110.24999999999993,110.65999999999993,110.15999999999993,110.36999999999992,2476
2026-07-10T19:15:00+00:00,110.36999999999992,110.43999999999993,109.98999999999992,110.30999999999993,2797
2026-07-10T19:30:00+00:00,110.30999999999993,110.66999999999993,110.02999999999993,110.03999999999992,3081
2026-07-10T19:45:00+00:00,110.03999999999992,110.42999999999992,109.85999999999993,110.12999999999992,3225
2026-07-13T13:30:00+00:00,110.12999999999992,110.12999999999992,103.65999999999993,104.36999999999992,7650
2026-07-13T13:45:00+00:00,104.36999999999992,105.85999999999993,103.85999999999993,105.64999999999992,8495
2026-07-13T14:00:00+00:00,105.64999999999992,105.95999999999992,104.41999999999993,105.30999999999993,7420
2026-07-13T14:15:00+00:00,105.30999999999993,106.03999999999992,104.47999999999992,106.03999999999992,8200
2026-07-13T14:30:00+00:00,106.03999999999992,106.44999999999992,105.24999999999993,105.65999999999993,5329
2026-07-13T14:45:00+00:00,105.65999999999993,105.95999999999992,104.79999999999993,105.65999999999993,4551
2026-07-13T15:00:00+00:00,105.65999999999993,105.99999999999993,105.22999999999992,105.55999999999993,3966
2026-07-13T15:15:00+00:00,105.55999999999993,105.69999999999992,105.20999999999992,105.38999999999993,4019
2026-07-13T15:30:00+00:00,105.38999999999993,105.80999999999993,104.90999999999993,104.95999999999992,4028
2026-07-13T15:45:00+00:00,104.95999999999992,105.04999999999993,104.10999999999993,104.48999999999992,3826
2026-07-13T16:00:00+00:00,104.48999999999992,104.59999999999992,104.05999999999993,104.14999999999992,3570
2026-07-13T16:15:00+00:00,104.14999999999992,104.21999999999993,103.26999999999992,103.68999999999993,3524
2026-07-13T16:30:00+00:00,103.68999999999993,103.69999999999992,102.92999999999992,103.46999999999993,4388
2026-07-13T16:45:00+00:00,103.46999999999993,103.78999999999992,103.01999999999992,103.54999999999993,4121
2026-07-13T17:00:00+00:00,103.54999999999993,104.18999999999993,103.50999999999992,103.70999999999992,3421
2026-07-13T17:15:00+00:00,103.70999999999992,103.81999999999992,103.07999999999993,103.20999999999992,3182
2026-07-13T17:30:00+00:00,103.20999999999992,103.53999999999992,103.03999999999992,103.23999999999992,2899
2026-07-13T17:45:00+00:00,103.23999999999992,103.42999999999992,102.81999999999992,102.97999999999992,3558
2026-07-13T18:00:00+00:00,102.97999999999992,103.63999999999993,102.96999999999993,103.36999999999992,3579
2026-07-13T18:15:00+00:00,103.36999999999992,103.41999999999993,102.62999999999992,102.70999999999992,3288
2026-07-13T18:30:00+00:00,102.70999999999992,102.85999999999993,102.51999999999992,102.69999999999992,3436
2026-07-13T18:45:00+00:00,102.69999999999992,102.88999999999993,102.55999999999993,102.62999999999992,3014
2026-07-13T19:00:00+00:00,102.62999999999992,102.85999999999993,102.24999999999993,102.55999999999993,3476
2026-07-13T19:15:00+00:00,102.55999999999993,102.61999999999992,102.10999999999993,102.34999999999992,3776
2026-07-13T19:30:00+00:00,102.34999999999992,103.13999999999993,102.29999999999993,103.05999999999993,4674
2026-07-13T19:45:00+00:00,103.05999999999993,103.92999999999992,102.95999999999992,103.37999999999992,6099
2026-07-14T13:30:00+00:00,103.37999999999992,108.28999999999992,103.37999999999992,107.25999999999992,9271
2026-07-14T13:45:00+00:00,107.25999999999992,107.83999999999992,106.51999999999992,106.55999999999993,7800
2026-07-14T14:00:00+00:00,106.55999999999993,106.81999999999992,104.57999999999993,104.73999999999992,8796
2026-07-14T14:15:00+00:00,104.73999999999992,104.77999999999993,103.88999999999993,104.16999999999993,8695
2026-07-14T14:30:00+00:00,104.16999999999993,105.45999999999992,103.90999999999993,105.11999999999992,6676
2026-07-14T14:45:00+00:00,105.11999999999992,105.76999999999992,104.20999999999992,105.59999999999992,5585
2026-07-14T15:00:00+00:00,105.59999999999992,106.47999999999992,105.41999999999993,106.15999999999993,5472
2026-07-14T15:15:00+00:00,106.15999999999993,106.77999999999993,105.84999999999992,106.69999999999992,4607
2026-07-14T15:30:00+00:00,106.69999999999992,107.46999999999993,106.31999999999992,107.38999999999993,5336
2026-07-14T15:45:00+00:00,107.38999999999993,107.44999999999992,106.44999999999992,107.00999999999992,4861
2026-07-14T16:00:00+00:00,107.00999999999992,107.16999999999993,106.43999999999993,106.46999999999993,4645
2026-07-14T16:15:00+00:00,106.46999999999993,107.48999999999992,106.13999999999993,107.36999999999992,4071
2026-07-14T16:30:00+00:00,107.36999999999992,107.46999999999993,106.67999999999992,107.04999999999993,3618
2026-07-14T16:45:00+00:00,107.04999999999993,107.19999999999992,106.57999999999993,106.81999999999992,3132
2026-07-14T17:00:00+00:00,106.81999999999992,107.33999999999992,106.69999999999992,106.72999999999992,2500
2026-07-14T17:15:00+00:00,106.72999999999992,107.76999999999992,106.65999999999993,107.32999999999993,2876
2026-07-14T17:30:00+00:00,107.32999999999993,107.68999999999993,107.05999999999993,107.47999999999992,2420
2026-07-14T17:45:00+00:00,107.47999999999992,107.76999999999992,107.39999999999992,107.44999999999992,2230
2026-07-14T18:00:00+00:00,107.44999999999992,107.80999999999993,107.30999999999993,107.76999999999992,2156
2026-07-14T18:15:00+00:00,107.76999999999992,108.63999999999993,107.74999999999993,108.59999999999992,2517
2026-07-14T18:30:00+00:00,108.59999999999992,109.15999999999993,108.57999999999993,108.77999999999993,3438
2026-07-14T18:45:00+00:00,108.77999999999993,109.48999999999992,108.72999999999992,108.78999999999992,2714
2026-07-14T19:00:00+00:00,108.78999999999992,108.82999999999993,108.15999999999993,108.54999999999993,3156
2026-07-14T19:15:00+00:00,108.54999999999993,108.74999999999993,108.00999999999992,108.01999999999992,3047
2026-07-14T19:30:00+00:00,108.01999999999992,108.85999999999993,107.64999999999992,108.57999999999993,3948
2026-07-14T19:45:00+00:00,108.57999999999993,109.09999999999992,107.87999999999992,108.13999999999993,5260
2026-07-15T13:30:00+00:00,108.13999999999993,109.82999999999993,106.85999999999993,107.23999999999992,7584
2026-07-15T13:45:00+00:00,107.23999999999992,107.46999999999993,105.88999999999993,106.62999999999992,7842
2026-07-15T14:00:00+00:00,106.62999999999992,106.98999999999992,105.10999999999993,105.10999999999993,6859
2026-07-15T14:15:00+00:00,105.10999999999993,105.24999999999993,102.91999999999993,103.92999999999992,8431
2026-07-15T14:30:00+00:00,103.92999999999992,103.99999999999993,101.64999999999992,102.62999999999992,7278
2026-07-15T14:45:00+00:00,102.62999999999992,102.94999999999992,101.98999999999992,102.69999999999993,6263.575534808499
2026-07-15T15:00:00+00:00,102.69999999999993,102.92999999999994,101.95999999999994,101.95999999999994,5323
2026-07-15T15:15:00+00:00,101.95999999999994,102.03999999999994,100.89999999999993,101.92999999999994,6269
2026-07-15T15:30:00+00:00,101.92999999999994,102.30999999999993,101.49999999999994,101.58999999999993,5242
2026-07-15T15:45:00+00:00,101.58999999999993,101.74999999999994,100.98999999999994,101.06999999999994,4599
2026-07-15T16:00:00+00:00,101.06999999999994,101.21999999999994,99.50999999999993,99.68999999999994,4836
2026-07-15T16:15:00+00:00,99.68999999999994,100.26999999999994,99.56999999999994,100.18999999999994,4836
2026-07-15T16:30:00+00:00,100.18999999999994,100.43999999999994,99.47999999999993,100.16999999999993,4795
2026-07-15T16:45:00+00:00,100.16999999999993,101.24999999999994,100.06999999999994,100.96999999999994,5019
2026-07-15T17:00:00+00:00,100.96999999999994,101.72999999999993,100.90999999999994,101.28999999999994,4008
2026-07-15T17:15:00+00:00,101.28999999999994,102.05999999999993,101.17999999999994,101.90999999999994,3733
2026-07-15T17:30:00+00:00,101.90999999999994,102.38999999999994,101.90999999999994,102.28999999999994,3725
2026-07-15T17:45:00+00:00,102.28999999999994,102.63999999999994,101.79999999999994,101.95999999999994,3743
2026-07-15T18:00:00+00:00,101.95999999999994,102.68999999999994,101.89999999999993,101.94999999999993,3527
2026-07-15T18:15:00+00:00,101.94999999999993,102.25999999999993,101.53999999999994,101.87999999999994,3002
2026-07-15T18:30:00+00:00,101.87999999999994,102.23999999999994,101.67999999999994,101.84999999999994,3146
2026-07-15T18:45:00+00:00,101.84999999999994,102.06999999999994,101.40999999999994,101.62999999999994,3705
2026-07-15T19:00:00+00:00,101.62999999999994,102.48999999999994,101.49999999999994,102.04999999999994,3845
2026-07-15T19:15:00+00:00,102.04999999999994,102.35999999999994,101.33999999999993,102.35999999999994,3816
2026-07-15T19:30:00+00:00,102.35999999999994,103.51999999999994,102.29999999999994,103.39999999999993,4683
2026-07-15T19:45:00+00:00,103.39999999999993,103.72999999999993,103.07999999999994,103.30999999999993,4552
2026-07-16T13:30:00+00:00,103.30999999999993,103.30999999999993,99.19999999999993,99.25999999999993,6425
2026-07-16T13:45:00+00:00,99.25999999999993,100.05999999999993,98.55999999999993,100.00999999999993,6255
2026-07-16T14:00:00+00:00,100.00999999999993,101.23999999999994,99.82999999999994,100.81999999999994,5665
2026-07-16T14:15:00+00:00,100.81999999999994,101.15999999999994,99.83999999999993,100.57999999999994,4965
2026-07-16T14:30:00+00:00,100.57999999999994,100.57999999999994,99.41999999999993,99.73999999999994,4136
2026-07-16T14:45:00+00:00,99.73999999999994,99.90999999999994,98.85999999999994,99.49999999999994,4267
2026-07-16T15:00:00+00:00,99.49999999999994,99.88999999999994,98.78999999999994,98.94999999999993,4107
2026-07-16T15:15:00+00:00,98.94999999999993,99.47999999999993,98.68999999999994,99.01999999999994,4190
2026-07-16T15:30:00+00:00,99.01999999999994,99.62999999999994,98.67999999999994,98.79999999999994,3465
2026-07-16T15:45:00+00:00,98.79999999999994,99.05999999999993,98.38999999999994,98.40999999999994,3465
2026-07-16T16:00:00+00:00,98.40999999999994,98.58999999999993,97.57999999999994,97.71999999999994,4171
2026-07-16T16:15:00+00:00,97.71999999999994,98.08999999999993,97.48999999999994,97.84999999999994,3817
2026-07-16T16:30:00+00:00,97.84999999999994,98.14999999999993,97.13999999999994,97.15999999999994,3384
2026-07-16T16:45:00+00:00,97.15999999999994,97.50999999999993,96.63999999999994,97.37999999999994,3578
2026-07-16T17:00:00+00:00,97.37999999999994,97.45999999999994,96.94999999999993,96.98999999999994,3031
2026-07-16T17:15:00+00:00,96.98999999999994,97.16999999999993,96.33999999999993,96.85999999999994,3160
2026-07-16T17:30:00+00:00,96.85999999999994,96.98999999999994,95.98999999999994,96.18999999999994,3337
2026-07-16T17:45:00+00:00,96.18999999999994,96.36999999999993,95.75999999999993,95.97999999999993,3150
2026-07-16T18:00:00+00:00,95.97999999999993,96.64999999999993,95.87999999999994,96.19999999999993,3695
2026-07-16T18:15:00+00:00,96.19999999999993,97.32999999999994,96.05999999999993,96.97999999999993,3455
2026-07-16T18:30:00+00:00,96.97999999999993,97.12999999999994,96.55999999999993,97.00999999999993,3507
2026-07-16T18:45:00+00:00,97.00999999999993,97.06999999999994,96.55999999999993,96.67999999999994,2714
2026-07-16T19:00:00+00:00,96.67999999999994,96.89999999999993,96.45999999999994,96.68999999999994,3622
2026-07-16T19:15:00+00:00,96.68999999999994,96.77999999999994,96.14999999999993,96.49999999999994,3872
2026-07-16T19:30:00+00:00,96.49999999999994,96.75999999999993,96.18999999999994,96.47999999999993,4649
2026-07-16T19:45:00+00:00,96.47999999999993,97.49999999999994,95.80999999999993,97.31999999999994,6893
2026-07-17T13:30:00+00:00,97.31999999999994,97.31999999999994,89.92999999999994,90.09999999999994,9040
2026-07-17T13:45:00+00:00,90.09999999999994,93.65999999999994,89.88999999999994,93.44999999999993,8948
2026-07-17T14:00:00+00:00,93.44999999999993,96.37999999999994,93.37999999999994,94.96999999999994,8839
2026-07-17T14:15:00+00:00,94.96999999999994,96.25999999999993,94.65999999999994,94.78999999999994,8512
2026-07-17T14:30:00+00:00,94.78999999999994,95.42999999999994,93.82999999999994,94.59999999999994,7128
2026-07-17T14:45:00+00:00,94.59999999999994,94.80999999999993,93.45999999999994,93.48999999999994,6078
2026-07-17T15:00:00+00:00,93.48999999999994,93.65999999999994,92.86999999999993,93.23999999999994,5748
2026-07-17T15:15:00+00:00,93.23999999999994,94.01999999999994,92.99999999999994,93.75999999999993,5806
2026-07-17T15:30:00+00:00,93.75999999999993,94.79999999999994,93.38999999999994,94.07999999999994,5335
2026-07-17T15:45:00+00:00,94.07999999999994,95.95999999999994,94.02999999999994,95.67999999999994,4873
2026-07-17T16:00:00+00:00,95.67999999999994,96.80999999999993,95.31999999999994,96.48999999999994,5752
2026-07-17T16:15:00+00:00,96.48999999999994,96.58999999999993,95.29999999999994,95.90999999999994,4969
2026-07-17T16:30:00+00:00,95.90999999999994,96.31999999999994,95.40999999999994,96.29999999999994,3966
2026-07-17T16:45:00+00:00,96.29999999999994,96.90999999999994,96.19999999999993,96.50999999999993,3884
2026-07-17T17:00:00+00:00,96.50999999999993,97.85999999999994,96.39999999999993,97.60999999999994,4062
2026-07-17T17:15:00+00:00,97.60999999999994,98.32999999999994,97.30999999999993,97.70999999999994,4105
2026-07-17T17:30:00+00:00,97.70999999999994,98.21999999999994,96.79999999999994,96.90999999999994,3973
2026-07-17T17:45:00+00:00,96.90999999999994,97.12999999999994,96.34999999999994,96.57999999999994,3846
2026-07-17T18:00:00+00:00,96.57999999999994,97.04999999999994,96.18999999999994,96.25999999999993,3702
2026-07-17T18:15:00+00:00,96.25999999999993,96.33999999999993,95.60999999999994,95.95999999999994,3883
2026-07-17T18:30:00+00:00,95.95999999999994,96.40999999999994,95.70999999999994,95.77999999999994,3860
2026-07-17T18:45:00+00:00,95.77999999999994,96.21999999999994,95.66999999999993,95.94999999999993,3499
2026-07-17T19:00:00+00:00,95.94999999999993,95.99999999999994,95.26999999999994,95.30999999999993,3452
2026-07-17T19:15:00+00:00,95.30999999999993,95.97999999999993,94.95999999999994,95.83999999999993,4510
2026-07-17T19:30:00+00:00,95.83999999999993,96.45999999999994,95.38999999999994,95.75999999999993,5626
2026-07-17T19:45:00+00:00,95.75999999999993,96.28999999999994,95.02999999999993,95.25999999999993,5606
2026-07-20T13:30:00+00:00,95.25999999999993,98.53999999999994,95.05999999999993,98.11999999999993,6887
2026-07-20T13:45:00+00:00,98.11999999999993,98.94999999999993,96.35999999999993,96.83999999999993,6496
2026-07-20T14:00:00+00:00,96.83999999999993,97.06999999999994,95.60999999999993,96.22999999999993,6891
2026-07-20T14:15:00+00:00,96.22999999999993,97.33999999999993,95.29999999999993,97.33999999999993,6381
2026-07-20T14:30:00+00:00,97.33999999999993,97.45999999999994,96.01999999999992,96.28999999999994,6209
2026-07-20T14:45:00+00:00,96.28999999999994,96.50999999999993,95.04999999999993,95.27999999999993,5466
2026-07-20T15:00:00+00:00,95.27999999999993,95.99999999999993,95.11999999999993,95.70999999999994,5455
2026-07-20T15:15:00+00:00,95.70999999999994,96.54999999999993,95.60999999999993,96.49999999999993,4684
2026-07-20T15:30:00+00:00,96.49999999999993,96.70999999999994,96.01999999999992,96.34999999999994,4538
2026-07-20T15:45:00+00:00,96.34999999999994,96.70999999999994,95.90999999999993,96.63999999999993,4222
2026-07-20T16:00:00+00:00,96.63999999999993,97.35999999999993,96.52999999999993,97.34999999999994,3738
2026-07-20T16:15:00+00:00,97.34999999999994,97.37999999999992,96.70999999999994,96.91999999999993,3554
2026-07-20T16:30:00+00:00,96.91999999999993,97.15999999999993,96.39999999999993,96.47999999999993,4250
2026-07-20T16:45:00+00:00,96.47999999999993,96.76999999999992,96.15999999999993,96.63999999999993,4043
2026-07-20T17:00:00+00:00,96.63999999999993,96.85999999999993,96.28999999999994,96.35999999999993,3157
2026-07-20T17:15:00+00:00,96.35999999999993,97.00999999999993,96.15999999999993,96.72999999999993,2947
2026-07-20T17:30:00+00:00,96.72999999999993,96.84999999999994,96.03999999999994,96.13999999999993,2966
2026-07-20T17:45:00+00:00,96.13999999999993,96.71999999999993,96.13999999999993,96.44999999999993,3161
2026-07-20T18:00:00+00:00,96.44999999999993,96.76999999999992,96.26999999999992,96.71999999999993,3072
2026-07-20T18:15:00+00:00,96.71999999999993,96.87999999999992,96.23999999999994,96.39999999999993,3158
2026-07-20T18:30:00+00:00,96.39999999999993,96.45999999999994,95.88999999999993,96.07999999999993,3490
2026-07-20T18:45:00+00:00,96.07999999999993,96.46999999999993,95.87999999999992,96.01999999999992,3595
2026-07-20T19:00:00+00:00,96.01999999999992,96.26999999999992,95.34999999999994,95.41999999999993,4160
2026-07-20T19:15:00+00:00,95.41999999999993,95.90999999999993,95.19999999999993,95.79999999999993,4429
2026-07-20T19:30:00+00:00,95.79999999999993,96.03999999999994,95.52999999999993,95.85999999999993,4958
2026-07-20T19:45:00+00:00,95.85999999999993,96.00999999999993,94.89999999999993,95.10999999999993,5442
2026-07-21T13:30:00+00:00,95.10999999999993,102.14999999999993,95.10999999999993,100.89999999999993,7263
2026-07-21T13:45:00+00:00,100.89999999999993,101.62999999999992,100.02999999999993,100.77999999999993,7064
2026-07-21T14:00:00+00:00,100.77999999999993,100.90999999999993,99.18999999999993,100.27999999999993,7266
2026-07-21T14:15:00+00:00,100.27999999999993,100.72999999999993,99.68999999999993,100.56999999999994,5808
2026-07-21T14:30:00+00:00,100.56999999999994,101.88999999999993,100.49999999999993,101.66999999999993,4872
2026-07-21T14:45:00+00:00,101.66999999999993,101.87999999999992,101.08999999999993,101.64999999999993,4955
2026-07-21T15:00:00+00:00,101.64999999999993,102.50999999999993,101.09999999999994,102.45999999999994,4572
2026-07-21T15:15:00+00:00,102.45999999999994,102.74999999999993,101.91999999999993,102.24999999999993,4401
2026-07-21T15:30:00+00:00,102.24999999999993,102.29999999999993,101.56999999999994,101.60999999999993,4445
2026-07-21T15:45:00+00:00,101.60999999999993,102.16999999999993,101.60999999999993,101.67999999999994,3159
2026-07-21T16:00:00+00:00,101.67999999999994,102.32999999999993,101.60999999999993,102.32999999999993,3028
2026-07-21T16:15:00+00:00,102.32999999999993,102.62999999999992,102.24999999999993,102.35999999999993,2787
2026-07-21T16:30:00+00:00,102.35999999999993,102.61999999999993,101.98999999999994,102.43999999999993,2785
2026-07-21T16:45:00+00:00,102.43999999999993,102.96999999999993,102.37999999999992,102.53999999999994,2113
2026-07-21T17:00:00+00:00,102.53999999999994,103.63999999999993,102.52999999999993,102.95999999999994,2846
2026-07-21T17:15:00+00:00,102.95999999999994,103.41999999999993,102.67999999999994,102.75999999999993,1937
2026-07-21T17:30:00+00:00,102.75999999999993,103.09999999999994,102.70999999999994,103.02999999999993,2248
2026-07-21T17:45:00+00:00,103.02999999999993,103.27999999999993,102.90999999999993,103.01999999999992,2032
2026-07-21T18:00:00+00:00,103.01999999999992,103.25999999999993,102.87999999999992,102.98999999999994,2159
2026-07-21T18:15:00+00:00,102.98999999999994,103.15999999999993,102.91999999999993,103.08999999999993,1764
2026-07-21T18:30:00+00:00,103.08999999999993,103.51999999999992,102.95999999999994,103.51999999999992,1835
2026-07-21T18:45:00+00:00,103.51999999999992,103.62999999999992,102.87999999999992,103.14999999999993,2220
2026-07-21T19:00:00+00:00,103.14999999999993,103.25999999999993,102.63999999999993,102.78999999999994,2432
2026-07-21T19:15:00+00:00,102.78999999999994,103.14999999999993,102.60999999999993,102.63999999999993,2440
2026-07-21T19:30:00+00:00,102.63999999999993,103.71999999999993,102.60999999999993,103.54999999999993,2950
2026-07-21T19:45:00+00:00,103.54999999999993,104.13999999999993,103.27999999999993,103.34999999999994,4523
2026-07-22T13:30:00+00:00,103.34999999999994,103.34999999999994,99.58999999999993,102.62999999999992,6120
2026-07-22T13:45:00+00:00,102.62999999999992,104.29999999999993,102.09999999999994,104.15999999999993,7589
2026-07-22T14:00:00+00:00,104.15999999999993,104.19999999999993,102.86999999999993,103.21999999999993,6932
2026-07-22T14:15:00+00:00,103.21999999999993,104.24999999999993,102.68999999999993,103.64999999999993,6405
2026-07-22T14:30:00+00:00,103.64999999999993,104.04999999999993,103.41999999999993,103.60999999999993,6664
2026-07-22T14:45:00+00:00,103.60999999999993,104.09999999999994,103.13999999999993,103.59999999999994,6265
2026-07-22T15:00:00+00:00,103.59999999999994,104.20999999999994,103.59999999999994,103.90999999999994,4141
2026-07-22T15:15:00+00:00,103.90999999999994,104.81999999999994,103.87999999999994,104.32999999999994,5050
2026-07-22T15:30:00+00:00,104.32999999999994,104.47999999999995,103.48999999999994,103.59999999999994,4792
2026-07-22T15:45:00+00:00,103.59999999999994,103.79999999999994,103.42999999999994,103.72999999999995,3761
2026-07-22T16:00:00+00:00,103.72999999999995,103.83999999999995,103.52999999999994,103.78999999999994,3049
2026-07-22T16:15:00+00:00,103.78999999999994,103.86999999999993,103.12999999999994,103.26999999999994,2950
2026-07-22T16:30:00+00:00,103.26999999999994,103.43999999999994,102.68999999999994,102.75999999999993,2922
2026-07-22T16:45:00+00:00,102.75999999999993,102.78999999999994,102.43999999999994,102.49999999999994,2917
2026-07-22T17:00:00+00:00,102.49999999999994,102.92999999999994,102.43999999999994,102.55999999999995,2876
2026-07-22T17:15:00+00:00,102.55999999999995,102.90999999999994,102.50999999999993,102.79999999999994,2546
2026-07-22T17:30:00+00:00,102.79999999999994,102.91999999999994,102.40999999999994,102.74999999999994,2343
2026-07-22T17:45:00+00:00,102.74999999999994,102.78999999999994,102.23999999999994,102.30999999999995,2749
2026-07-22T18:00:00+00:00,102.30999999999995,102.54999999999994,101.96999999999994,101.96999999999994,2928
2026-07-22T18:15:00+00:00,101.96999999999994,102.04999999999994,101.59999999999994,101.75999999999993,2936
2026-07-22T18:30:00+00:00,101.75999999999993,101.84999999999994,101.43999999999994,101.77999999999994,2696
2026-07-22T18:45:00+00:00,101.77999999999994,102.69999999999995,101.70999999999994,102.52999999999994,2360
2026-07-22T19:00:00+00:00,102.52999999999994,102.65999999999994,102.22999999999995,102.35999999999994,2703
2026-07-22T19:15:00+00:00,102.35999999999994,102.64999999999993,102.23999999999994,102.36999999999993,2805
2026-07-22T19:30:00+00:00,102.36999999999993,102.46999999999994,101.64999999999993,101.85999999999994,3897
2026-07-22T19:45:00+00:00,101.85999999999994,102.00999999999993,100.48999999999994,100.52999999999994,5478
2026-07-23T13:30:00+00:00,100.52999999999994,101.68999999999994,98.09999999999994,101.63999999999994,7008
2026-07-23T13:45:00+00:00,101.63999999999994,101.66999999999994,99.90999999999994,100.13999999999994,7538
2026-07-23T14:00:00+00:00,100.13999999999994,101.73999999999994,100.11999999999993,100.96999999999994,10040
2026-07-23T14:15:00+00:00,100.96999999999994,102.14999999999993,100.82999999999994,101.51999999999994,8162
2026-07-23T14:30:00+00:00,101.51999999999994,101.71999999999994,99.97999999999995,100.03999999999994,8279
2026-07-23T14:45:00+00:00,100.03999999999994,100.35999999999994,99.33999999999995,99.78999999999994,7569
2026-07-23T15:00:00+00:00,99.78999999999994,99.81999999999994,98.07999999999994,98.18999999999994,6679
2026-07-23T15:15:00+00:00,98.18999999999994,99.17999999999994,98.18999999999994,98.63999999999994,7061
2026-07-23T15:30:00+00:00,98.63999999999994,99.11999999999993,98.23999999999994,98.63999999999994,6617
2026-07-23T15:45:00+00:00,98.63999999999994,99.33999999999995,98.43999999999994,99.25999999999993,5649
2026-07-23T16:00:00+00:00,99.25999999999993,99.70999999999994,99.02999999999994,99.40999999999994,5373
2026-07-23T16:15:00+00:00,99.40999999999994,100.26999999999994,99.08999999999995,100.19999999999995,4281
2026-07-23T16:30:00+00:00,100.19999999999995,100.83999999999995,99.78999999999994,99.91999999999994,5387
2026-07-23T16:45:00+00:00,99.91999999999994,99.92999999999994,98.97999999999995,99.35999999999994,6153
2026-07-23T17:00:00+00:00,99.35999999999994,99.56999999999994,98.49999999999994,98.85999999999994,5934
2026-07-23T17:15:00+00:00,98.85999999999994,99.11999999999993,98.70999999999994,98.85999999999994,4516
2026-07-23T17:30:00+00:00,98.85999999999994,98.90999999999994,98.00999999999993,98.13999999999994,4842
2026-07-23T17:45:00+00:00,98.13999999999994,98.48999999999994,97.61999999999993,97.66999999999994,4374
2026-07-23T18:00:00+00:00,97.66999999999994,97.68999999999994,97.20999999999994,97.30999999999995,4343
2026-07-23T18:15:00+00:00,97.30999999999995,97.62999999999994,97.24999999999994,97.48999999999994,3349
2026-07-23T18:30:00+00:00,97.48999999999994,98.04999999999994,97.37999999999994,97.65999999999994,4030
2026-07-23T18:45:00+00:00,97.65999999999994,98.07999999999994,97.46999999999994,97.76999999999994,3955
2026-07-23T19:00:00+00:00,97.76999999999994,97.88999999999994,97.39999999999993,97.67999999999994,3132
2026-07-23T19:15:00+00:00,97.67999999999994,98.79999999999994,97.63999999999994,98.58999999999995,4396
2026-07-23T19:30:00+00:00,98.58999999999995,98.72999999999995,97.68999999999994,97.69999999999995,4785
2026-07-23T19:45:00+00:00,97.69999999999995,98.46999999999994,97.35999999999994,98.10999999999994,5508
2026-07-24T13:30:00+00:00,98.10999999999994,99.63999999999994,94.87999999999994,96.38999999999994,9092
2026-07-24T13:45:00+00:00,96.38999999999994,96.69999999999995,93.74999999999994,94.37999999999994,7801
2026-07-24T14:00:00+00:00,94.37999999999994,96.09999999999994,93.84999999999994,95.77999999999994,8287
2026-07-24T14:15:00+00:00,95.77999999999994,95.89999999999993,93.57999999999994,95.72999999999995,6791
2026-07-24T14:30:00+00:00,95.72999999999995,95.76999999999994,93.87999999999994,94.30999999999995,6113
2026-07-24T14:45:00+00:00,94.30999999999995,95.62999999999994,93.34999999999994,95.37999999999994,6025
2026-07-24T15:00:00+00:00,95.37999999999994,95.59999999999994,94.03999999999994,94.85999999999994,6269
2026-07-24T15:15:00+00:00,94.85999999999994,95.40999999999994,94.34999999999994,94.42999999999994,5910
2026-07-24T15:30:00+00:00,94.42999999999994,95.21999999999994,94.12999999999994,94.12999999999994,4872
2026-07-24T15:45:00+00:00,94.12999999999994,95.32999999999994,94.07999999999994,94.97999999999995,4281
2026-07-24T16:00:00+00:00,94.97999999999995,95.45999999999994,94.51999999999994,94.53999999999994,4054
2026-07-24T16:15:00+00:00,94.53999999999994,94.53999999999994,93.04999999999994,93.20999999999994,3985
2026-07-24T16:30:00+00:00,93.20999999999994,94.09999999999994,92.98999999999994,94.01999999999994,3993
2026-07-24T16:45:00+00:00,94.01999999999994,94.33999999999995,93.59999999999994,94.26999999999994,3734
2026-07-24T17:00:00+00:00,94.26999999999994,94.29999999999994,93.36999999999993,93.69999999999995,3781
2026-07-24T17:15:00+00:00,93.69999999999995,94.41999999999994,93.51999999999994,94.21999999999994,3359
2026-07-24T17:30:00+00:00,94.21999999999994,94.36999999999993,93.72999999999995,93.89999999999993,2987
2026-07-24T17:45:00+00:00,93.89999999999993,94.32999999999994,93.75999999999993,93.99999999999994,3204
2026-07-24T18:00:00+00:00,93.99999999999994,94.12999999999994,93.00999999999993,93.03999999999994,3392
2026-07-24T18:15:00+00:00,93.03999999999994,93.20999999999994,92.24999999999994,92.54999999999994,4113
2026-07-24T18:30:00+00:00,92.54999999999994,92.66999999999994,91.82999999999994,92.10999999999994,4384
2026-07-24T18:45:00+00:00,92.10999999999994,92.50999999999993,91.63999999999994,91.74999999999994,3985
2026-07-24T19:00:00+00:00,91.74999999999994,91.88999999999994,90.12999999999994,90.15999999999994,4401
2026-07-24T19:15:00+00:00,90.15999999999994,91.07999999999994,90.03999999999994,90.91999999999994,4446
2026-07-24T19:30:00+00:00,90.91999999999994,91.52999999999994,90.19999999999995,90.57999999999994,4686
2026-07-24T19:45:00+00:00,90.57999999999994,90.63999999999994,89.54999999999994,90.31999999999994,5734
2026-07-27T13:30:00+00:00,90.31999999999994,92.94999999999995,89.98999999999994,90.48999999999994,6076
2026-07-27T13:45:00+00:00,90.48999999999994,90.93999999999994,88.57999999999994,88.91999999999994,6130
2026-07-27T14:00:00+00:00,88.91999999999994,89.19999999999995,88.06999999999994,88.20999999999994,6111
2026-07-27T14:15:00+00:00,88.20999999999994,88.61999999999993,86.32999999999994,86.44999999999995,6100
2026-07-27T14:30:00+00:00,86.44999999999995,86.56999999999994,84.92999999999994,85.21999999999994,6473
2026-07-27T14:45:00+00:00,85.21999999999994,87.92999999999994,85.21999999999994,87.87999999999994,5638
2026-07-27T15:00:00+00:00,87.87999999999994,88.23999999999994,87.54999999999994,87.57999999999994,5511
2026-07-27T15:15:00+00:00,87.57999999999994,88.40999999999994,87.01999999999994,87.20999999999994,5576
2026-07-27T15:30:00+00:00,87.20999999999994,87.38999999999994,86.61999999999993,87.09999999999994,4804
2026-07-27T15:45:00+00:00,87.09999999999994,87.22999999999995,86.50999999999993,87.12999999999994,4552
2026-07-27T16:00:00+00:00,87.12999999999994,88.08999999999995,86.91999999999994,87.73999999999994,4421
2026-07-27T16:15:00+00:00,87.73999999999994,88.79999999999994,87.35999999999994,88.45999999999994,4650
2026-07-27T16:30:00+00:00,88.45999999999994,88.82999999999994,87.72999999999995,88.38999999999994,4142
2026-07-27T16:45:00+00:00,88.38999999999994,88.59999999999994,87.62999999999994,87.71999999999994,3598
2026-07-27T17:00:00+00:00,87.71999999999994,87.92999999999994,87.56999999999994,87.79999999999994,3178
2026-07-27T17:15:00+00:00,87.79999999999994,88.05999999999995,87.47999999999995,87.67999999999994,3179
2026-07-27T17:30:00+00:00,87.67999999999994,88.07999999999994,87.47999999999995,87.67999999999994,2860
2026-07-27T17:45:00+00:00,87.67999999999994,88.36999999999993,87.52999999999994,88.36999999999993,2439.0657612580417
2026-07-27T18:00:00+00:00,88.36999999999993,88.51999999999994,88.15999999999991,88.20999999999991,784.6200969610875
2026-07-27T18:15:00+00:00,88.20999999999991,88.3699999999999,87.74999999999991,88.30999999999992,2551
2026-07-27T18:30:00+00:00,88.30999999999992,88.34999999999991,87.80999999999992,88.27999999999992,2673
2026-07-27T18:45:00+00:00,88.27999999999992,89.49999999999991,88.1199999999999,89.43999999999991,3123
2026-07-27T19:00:00+00:00,89.43999999999991,90.41999999999992,89.34999999999991,90.0099999999999,3637
2026-07-27T19:15:00+00:00,90.0099999999999,90.37999999999991,89.84999999999991,90.31999999999991,3114
2026-07-27T19:30:00+00:00,90.31999999999991,90.47999999999992,89.23999999999991,89.33999999999992,3465
2026-07-27T19:45:00+00:00,89.33999999999992,89.77999999999992,89.21999999999991,89.67999999999991,4623
2026-07-28T13:30:00+00:00,89.67999999999991,89.67999999999991,83.63999999999992,84.09999999999991,8636
2026-07-28T13:45:00+00:00,84.09999999999991,84.49999999999991,82.47999999999992,82.52999999999992,8439
2026-07-28T14:00:00+00:00,82.52999999999992,83.60999999999991,81.81999999999991,81.90999999999991,7620
2026-07-28T14:15:00+00:00,81.90999999999991,82.2899999999999,81.09999999999991,81.93999999999991,7712
2026-07-28T14:30:00+00:00,81.93999999999991,83.24999999999991,81.68999999999991,82.88999999999992,6825
2026-07-28T14:45:00+00:00,82.88999999999992,84.3999999999999,82.62999999999991,84.08999999999992,6018
2026-07-28T15:00:00+00:00,84.08999999999992,84.31999999999991,83.23999999999991,83.62999999999991,5833
2026-07-28T15:15:00+00:00,83.62999999999991,84.81999999999991,83.3999999999999,84.40999999999991,5458
2026-07-28T15:30:00+00:00,84.40999999999991,85.69999999999992,84.12999999999991,85.63999999999992,4895
2026-07-28T15:45:00+00:00,85.63999999999992,86.22999999999992,85.1499999999999,85.44999999999992,4602
2026-07-28T16:00:00+00:00,85.44999999999992,85.6199999999999,84.35999999999991,84.55999999999992,4220
2026-07-28T16:15:00+00:00,84.55999999999992,84.95999999999991,84.37999999999991,84.70999999999991,3143
2026-07-28T16:30:00+00:00,84.70999999999991,84.70999999999991,84.05999999999992,84.63999999999992,3962
2026-07-28T16:45:00+00:00,84.63999999999992,85.38999999999992,84.48999999999991,85.0099999999999,3456
2026-07-28T17:00:00+00:00,85.0099999999999,85.20999999999991,84.65999999999991,84.96999999999991,3584
2026-07-28T17:15:00+00:00,84.96999999999991,85.3999999999999,84.83999999999992,85.13999999999992,3196
2026-07-28T17:30:00+00:00,85.13999999999992,85.43999999999991,84.40999999999991,84.42999999999991,2680
2026-07-28T17:45:00+00:00,84.42999999999991,84.6199999999999,84.19999999999992,84.59999999999991,2904
2026-07-28T18:00:00+00:00,84.59999999999991,84.85999999999991,84.09999999999991,84.1499999999999,3168
2026-07-28T18:15:00+00:00,84.1499999999999,84.38999999999992,83.94999999999992,83.98999999999991,2688
2026-07-28T18:30:00+00:00,83.98999999999991,84.47999999999992,83.94999999999992,84.34999999999991,3101
2026-07-28T18:45:00+00:00,84.34999999999991,84.83999999999992,84.26999999999991,84.5399999999999,2959
2026-07-28T19:00:00+00:00,84.5399999999999,85.07999999999991,84.5099999999999,84.88999999999992,3255
2026-07-28T19:15:00+00:00,84.88999999999992,85.88999999999992,84.72999999999992,85.85999999999991,3459
2026-07-28T19:30:00+00:00,85.85999999999991,86.05999999999992,84.67999999999991,84.83999999999992,4245
2026-07-28T19:45:00+00:00,84.83999999999992,85.3699999999999,84.23999999999991,84.34999999999991,6247
2026-07-29T13:30:00+00:00,84.34999999999991,86.40999999999991,84.34999999999991,85.60999999999991,8105
2026-07-29T13:45:00+00:00,85.60999999999991,85.63999999999992,82.2899999999999,82.65999999999991,7704
2026-07-29T14:00:00+00:00,82.65999999999991,83.84999999999991,82.55999999999992,82.67999999999991,7432
2026-07-29T14:15:00+00:00,82.67999999999991,83.2599999999999,81.59999999999991,81.90999999999991,6924
2026-07-29T14:30:00+00:00,81.90999999999991,82.7899999999999,81.2899999999999,81.44999999999992,6140
2026-07-29T14:45:00+00:00,81.44999999999992,82.62999999999991,81.30999999999992,82.23999999999991,5835
2026-07-29T15:00:00+00:00,82.23999999999991,82.62999999999991,81.21999999999991,81.31999999999991,5760
2026-07-29T15:15:00+00:00,81.31999999999991,81.73999999999991,81.06999999999991,81.19999999999992,5299
2026-07-29T15:30:00+00:00,81.19999999999992,81.43999999999991,80.8699999999999,80.91999999999992,4513
2026-07-29T15:45:00+00:00,80.91999999999992,81.16999999999992,80.23999999999991,80.94999999999992,4710
2026-07-29T16:00:00+00:00,80.94999999999992,81.18999999999991,79.85999999999991,79.88999999999992,4548
2026-07-29T16:15:00+00:00,79.88999999999992,81.3699999999999,79.7899999999999,81.33999999999992,4225
2026-07-29T16:30:00+00:00,81.33999999999992,81.62999999999991,80.47999999999992,80.48999999999991,3788
2026-07-29T16:45:00+00:00,80.48999999999991,81.32999999999991,80.3699999999999,81.32999999999991,3925
2026-07-29T17:00:00+00:00,81.32999999999991,82.55999999999992,81.24999999999991,82.5099999999999,4054
2026-07-29T17:15:00+00:00,82.5099999999999,82.56999999999991,81.71999999999991,81.76999999999991,3963
2026-07-29T17:30:00+00:00,81.76999999999991,82.3699999999999,81.65999999999991,81.98999999999991,3817
2026-07-29T17:45:00+00:00,81.98999999999991,82.47999999999992,81.7899999999999,82.19999999999992,3279
2026-07-29T18:00:00+00:00,82.19999999999992,83.49999999999991,82.19999999999992,82.68999999999991,8198
2026-07-29T18:15:00+00:00,82.68999999999991,83.09999999999992,81.92999999999992,82.26999999999991,5986
2026-07-29T18:30:00+00:00,82.26999999999991,84.16999999999992,81.97999999999992,84.05999999999992,7906
2026-07-29T18:45:00+00:00,84.05999999999992,84.74999999999991,83.87999999999991,84.67999999999992,6554
2026-07-29T19:00:00+00:00,84.67999999999992,85.19999999999992,83.53999999999992,83.95999999999992,7603
2026-07-29T19:15:00+00:00,83.95999999999992,84.07999999999991,82.19999999999992,82.88999999999992,7605
2026-07-29T19:30:00+00:00,82.88999999999992,83.30999999999992,81.39999999999992,81.53999999999992,7932
2026-07-29T19:45:00+00:00,81.53999999999992,81.59999999999992,79.75999999999992,79.82999999999991,8524
2026-07-30T13:30:00+00:00,79.82999999999991,87.24999999999991,79.82999999999991,87.14999999999992,8104
2026-07-30T13:45:00+00:00,87.14999999999992,89.36999999999992,87.04999999999991,89.28999999999992,8154
2026-07-30T14:00:00+00:00,89.28999999999992,89.83999999999992,88.23999999999992,89.64999999999992,8173
2026-07-30T14:15:00+00:00,89.64999999999992,91.77999999999992,89.50999999999992,91.63999999999992,6843
2026-07-30T14:30:00+00:00,91.63999999999992,92.04999999999991,90.66999999999992,90.83999999999992,6481
2026-07-30T14:45:00+00:00,90.83999999999992,91.52999999999992,89.60999999999991,90.02999999999992,7194
2026-07-30T15:00:00+00:00,90.02999999999992,91.49999999999991,89.89999999999992,90.25999999999992,7091
2026-07-30T15:15:00+00:00,90.25999999999992,90.86999999999992,90.13999999999992,90.65999999999991,6968
2026-07-30T15:30:00+00:00,90.65999999999991,91.09999999999992,89.44999999999992,89.49999999999991,6515
2026-07-30T15:45:00+00:00,89.49999999999991,90.40999999999991,89.48999999999992,90.08999999999992,5378
2026-07-30T16:00:00+00:00,90.08999999999992,91.18999999999991,89.87999999999991,91.05999999999992,4517
2026-07-30T16:15:00+00:00,91.05999999999992,91.17999999999992,90.40999999999991,90.42999999999992,3698
2026-07-30T16:30:00+00:00,90.42999999999992,90.48999999999992,89.65999999999991,89.82999999999991,4067
2026-07-30T16:45:00+00:00,89.82999999999991,90.64999999999992,89.80999999999992,90.50999999999992,3973
2026-07-30T17:00:00+00:00,90.50999999999992,90.89999999999992,90.31999999999992,90.36999999999992,3787
2026-07-30T17:15:00+00:00,90.36999999999992,90.68999999999991,90.21999999999991,90.31999999999992,3352
2026-07-30T17:30:00+00:00,90.31999999999992,90.41999999999992,89.88999999999992,90.20999999999992,3542
2026-07-30T17:45:00+00:00,90.20999999999992,90.40999999999991,90.02999999999992,90.13999999999992,2646
2026-07-30T18:00:00+00:00,90.13999999999992,90.31999999999992,89.83999999999992,90.02999999999992,2462
2026-07-30T18:15:00+00:00,90.02999999999992,90.07999999999991,89.66999999999992,89.80999999999992,2427
2026-07-30T18:30:00+00:00,89.80999999999992,89.97999999999992,89.26999999999991,89.40999999999991,2415
2026-07-30T18:45:00+00:00,89.40999999999991,89.69999999999992,89.08999999999992,89.26999999999991,2258
2026-07-30T19:00:00+00:00,89.26999999999991,90.31999999999992,89.25999999999992,90.21999999999991,2938
2026-07-30T19:15:00+00:00,90.21999999999991,90.38999999999992,89.56999999999992,89.58999999999992,2942
2026-07-30T19:30:00+00:00,89.58999999999992,89.83999999999992,89.38999999999992,89.53999999999992,3083
2026-07-30T19:45:00+00:00,89.53999999999992,89.65999999999991,88.86999999999992,89.14999999999992,5037
2026-07-31T13:30:00+00:00,89.14999999999992,95.85999999999991,89.14999999999992,91.62999999999991,10960
2026-07-31T13:45:00+00:00,91.62999999999991,92.17999999999992,90.67999999999992,91.67999999999992,13064
2026-07-31T14:00:00+00:00,91.67999999999992,91.91999999999992,89.92999999999992,90.76999999999991,12199
2026-07-31T14:15:00+00:00,90.76999999999991,91.71999999999991,90.23999999999992,91.22999999999992,12029
2026-07-31T14:30:00+00:00,91.22999999999992,91.60999999999991,90.40999999999991,90.58999999999992,9748
2026-07-31T14:45:00+00:00,90.58999999999992,91.71999999999991,90.28999999999992,91.08999999999992,8433
2026-07-31T15:00:00+00:00,91.08999999999992,91.61999999999992,90.25999999999992,90.68999999999991,8383
2026-07-31T15:15:00+00:00,90.68999999999991,91.33999999999992,89.31999999999992,89.90999999999991,8382
2026-07-31T15:30:00+00:00,89.90999999999991,90.68999999999991,89.49999999999991,90.00999999999992,8047
2026-07-31T15:45:00+00:00,90.00999999999992,90.28999999999992,89.62999999999991,89.88999999999992,7439
2026-07-31T16:00:00+00:00,89.88999999999992,90.14999999999992,89.59999999999992,89.81999999999992,6141
2026-07-31T16:15:00+00:00,89.81999999999992,90.43999999999991,89.57999999999991,90.43999999999991,5233
2026-07-31T16:30:00+00:00,90.43999999999991,90.68999999999991,89.74999999999991,89.78999999999992,5325
2026-07-31T16:45:00+00:00,89.78999999999992,90.39999999999992,89.67999999999992,90.13999999999992,4782
2026-07-31T17:00:00+00:00,90.13999999999992,90.43999999999991,89.84999999999992,90.05999999999992,3903
2026-07-31T17:15:00+00:00,90.05999999999992,90.51999999999991,89.78999999999992,90.34999999999992,3540
2026-07-31T17:30:00+00:00,90.34999999999992,91.31999999999992,90.23999999999992,90.86999999999992,4205
2026-07-31T17:45:00+00:00,90.86999999999992,90.93999999999991,90.32999999999991,90.43999999999991,4507
2026-07-31T18:00:00+00:00,90.43999999999991,90.70999999999992,90.04999999999991,90.13999999999992,4239
2026-07-31T18:15:00+00:00,90.13999999999992,90.76999999999991,90.10999999999991,90.62999999999991,3809
2026-07-31T18:30:00+00:00,90.62999999999991,90.87999999999991,90.53999999999992,90.60999999999991,3134
2026-07-31T18:45:00+00:00,90.60999999999991,90.79999999999991,90.35999999999991,90.56999999999992,2636
2026-07-31T19:00:00+00:00,90.56999999999992,90.79999999999991,90.22999999999992,90.40999999999991,3615
2026-07-31T19:15:00+00:00,90.40999999999991,90.74999999999991,90.14999999999992,90.72999999999992,4358
2026-07-31T19:30:00+00:00,90.72999999999992,90.75999999999992,89.73999999999992,89.85999999999991,4473
2026-07-31T19:45:00+00:00,89.85999999999991,90.04999999999991,88.12999999999991,88.26999999999991,6224
